layer,x,y,voltage
M4,5.000,5.000,0.9500000000000001
M4,5.000,14.990,0.9499999999999996
M4,5.000,24.980,0.9500000000000001
M4,5.000,34.970,0.9500000000000004
M4,5.000,44.960,0.9500000000000004
M4,5.000,54.950,0.9500000000000002
M4,5.000,64.940,0.9500000000000001
M4,5.000,74.930,0.9500000000000002
M4,5.000,84.920,0.9500000000000002
M4,5.000,94.910,0.9500000000000002
M4,5.000,104.900,0.9500000000000005
M4,5.000,114.890,0.9500000000000007
M4,14.990,5.000,0.9499999999999996
M4,14.990,14.990,0.9500000000000001
M4,14.990,24.980,0.9499999999999995
M4,14.990,34.970,0.9500000000000005
M4,14.990,44.960,0.9500000000000004
M4,14.990,54.950,0.9500000000000004
M4,14.990,64.940,0.9499999999999998
M4,14.990,74.930,0.9499999999999996
M4,14.990,84.920,0.9500000000000002
M4,14.990,94.910,0.9500000000000002
M4,14.990,104.900,0.9499999999999998
M4,14.990,114.890,0.9500000000000001
M4,24.980,5.000,0.9499999999999997
M4,24.980,14.990,0.95
M4,24.980,24.980,0.9499999999999996
M4,24.980,34.970,0.95
M4,24.980,44.960,0.95
M4,24.980,54.950,0.9500000000000001
M4,24.980,64.940,0.9500000000000001
M4,24.980,74.930,0.9499999999999996
M4,24.980,84.920,0.95
M4,24.980,94.910,0.9499999999999997
M4,24.980,104.900,0.95
M4,24.980,114.890,0.95
M4,34.970,5.000,0.95
M4,34.970,14.990,0.95
M4,34.970,24.980,0.9499999999999997
M4,34.970,34.970,0.9500000000000003
M4,34.970,44.960,0.95
M4,34.970,54.950,0.9500000000000001
M4,34.970,64.940,0.95
M4,34.970,74.930,0.9499999999999997
M4,34.970,84.920,0.9500000000000001
M4,34.970,94.910,0.9499999999999997
M4,34.970,104.900,0.9500000000000001
M4,34.970,114.890,0.95
M4,44.960,5.000,0.9499999999999998
M4,44.960,14.990,0.9499999999999998
M4,44.960,24.980,0.9500000000000004
M4,44.960,34.970,0.9500000000000001
M4,44.960,44.960,0.9500000000000003
M4,44.960,54.950,0.9500000000000001
M4,44.960,64.940,0.9499999999999998
M4,44.960,74.930,0.9499999999999998
M4,44.960,84.920,0.9500000000000003
M4,44.960,94.910,0.9500000000000001
M4,44.960,104.900,0.9500000000000001
M4,44.960,114.890,0.9500000000000001
M4,54.950,5.000,0.95
M4,54.950,14.990,0.9499999999999998
M4,54.950,24.980,0.9499999999999998
M4,54.950,34.970,0.9500000000000002
M4,54.950,44.960,0.9499999999999998
M4,54.950,54.950,0.9500000000000003
M4,54.950,64.940,0.9499999999999998
M4,54.950,74.930,0.9499999999999998
M4,54.950,84.920,0.9499999999999998
M4,54.950,94.910,0.95
M4,54.950,104.900,0.95
M4,54.950,114.890,0.95
M4,64.940,5.000,0.9500000000000004
M4,64.940,14.990,0.95
M4,64.940,24.980,0.95
M4,64.940,34.970,0.95
M4,64.940,44.960,0.9500000000000002
M4,64.940,54.950,0.95
M4,64.940,64.940,0.9500000000000002
M4,64.940,74.930,0.9499999999999998
M4,64.940,84.920,0.9500000000000002
M4,64.940,94.910,0.9499999999999998
M4,64.940,104.900,0.95
M4,64.940,114.890,0.9500000000000002
M4,74.930,5.000,0.95
M4,74.930,14.990,0.9499999999999994
M4,74.930,24.980,0.95
M4,74.930,34.970,0.95
M4,74.930,44.960,0.95
M4,74.930,54.950,0.9499999999999994
M4,74.930,64.940,0.9499999999999997
M4,74.930,74.930,0.9499999999999997
M4,74.930,84.920,0.9499999999999997
M4,74.930,94.910,0.9499999999999996
M4,74.930,104.900,0.9499999999999994
M4,74.930,114.890,0.9499999999999996
M4,84.920,5.000,0.9499999999999997
M4,84.920,14.990,0.9499999999999997
M4,84.920,24.980,0.95
M4,84.920,34.970,0.9499999999999997
M4,84.920,44.960,0.9500000000000001
M4,84.920,54.950,0.9499999999999997
M4,84.920,64.940,0.9499999999999995
M4,84.920,74.930,0.9499999999999997
M4,84.920,84.920,0.95
M4,84.920,94.910,0.9499999999999995
M4,84.920,104.900,0.9499999999999997
M4,84.920,114.890,0.9499999999999997
M4,94.910,5.000,0.9500000000000001
M4,94.910,14.990,0.95
M4,94.910,24.980,0.95
M4,94.910,34.970,0.9500000000000001
M4,94.910,44.960,0.9500000000000001
M4,94.910,54.950,0.9500000000000001
M4,94.910,64.940,0.9500000000000003
M4,94.910,74.930,0.9500000000000003
M4,94.910,84.920,0.9500000000000001
M4,94.910,94.910,0.9500000000000003
M4,94.910,104.900,0.9500000000000001
M4,94.910,114.890,0.9500000000000004
M4,104.900,5.000,0.9500000000000001
M4,104.900,14.990,0.95
M4,104.900,24.980,0.9499999999999997
M4,104.900,34.970,0.95
M4,104.900,44.960,0.9499999999999995
M4,104.900,54.950,0.95
M4,104.900,64.940,0.9500000000000001
M4,104.900,74.930,0.9500000000000001
M4,104.900,84.920,0.95
M4,104.900,94.910,0.9500000000000001
M4,104.900,104.900,0.95
M4,104.900,114.890,0.9500000000000001
M4,114.890,5.000,0.9500000000000002
M4,114.890,14.990,0.9500000000000002
M4,114.890,24.980,0.95
M4,114.890,34.970,0.9500000000000001
M4,114.890,44.960,0.9500000000000001
M4,114.890,54.950,0.9500000000000001
M4,114.890,64.940,0.9499999999999994
M4,114.890,74.930,0.95
M4,114.890,84.920,0.9500000000000002
M4,114.890,94.910,0.9500000000000004
M4,114.890,104.900,0.9500000000000002
M4,114.890,114.890,0.9500000000000004
M2,1.670,1.670,0.8485160304999283
M2,1.670,5.000,0.8500250306818031
M2,1.670,8.330,0.8485316705214125
M2,1.670,11.660,0.8486961473313909
M2,1.670,14.990,0.8494360781328436
M2,1.670,18.320,0.847944280357122
M2,1.670,21.650,0.8483979779030209
M2,1.670,24.980,0.8494502133861269
M2,1.670,28.310,0.8480076327369594
M2,1.670,31.640,0.8480410079278417
M2,1.670,34.970,0.8491880045547471
M2,1.670,38.300,0.848500977379845
M2,1.670,41.630,0.8486588781073033
M2,1.670,44.960,0.849783246820678
M2,1.670,48.290,0.8487736682981698
M2,1.670,51.620,0.8489735298404402
M2,1.670,54.950,0.8505588528803198
M2,1.670,58.280,0.849892337926
M2,1.670,61.610,0.8504089364774148
M2,1.670,64.940,0.8523504575522223
M2,1.670,68.270,0.8516321691149009
M2,1.670,71.600,0.8519438030865317
M2,1.670,74.930,0.8536956994885734
M2,1.670,78.260,0.8527773157384503
M2,1.670,81.590,0.853066512819762
M2,1.670,84.920,0.8546656257140217
M2,1.670,88.250,0.8544746480616453
M2,1.670,91.580,0.8551787062053963
M2,1.670,94.910,0.8568547034190126
M2,1.670,98.240,0.8561353463580037
M2,1.670,101.570,0.8565116217703077
M2,1.670,104.900,0.8579721715336264
M2,1.670,108.230,0.8571890395253116
M2,1.670,111.560,0.8573537491810644
M2,1.670,114.890,0.8586644991965563
M2,1.670,118.220,0.8575353831375179
M2,5.000,1.670,0.8484639803872018
M2,5.000,5.000,0.8507002678774309
M2,5.000,8.330,0.8484540935866405
M2,5.000,11.660,0.8484973887187818
M2,5.000,14.990,0.8501572832884878
M2,5.000,18.320,0.8480292803998771
M2,5.000,21.650,0.8482275873434146
M2,5.000,24.980,0.8500975639524518
M2,5.000,28.310,0.8477624519040207
M2,5.000,31.640,0.8479328307917945
M2,5.000,34.970,0.8501109186205973
M2,5.000,38.300,0.848297582593333
M2,5.000,41.630,0.8484731025141534
M2,5.000,44.960,0.8505770011134709
M2,5.000,48.290,0.8484187712675895
M2,5.000,51.620,0.848740194329668
M2,5.000,54.950,0.8512066011547339
M2,5.000,58.280,0.8497309212441554
M2,5.000,61.610,0.8503842431509377
M2,5.000,64.940,0.8530246416197894
M2,5.000,68.270,0.8514986507176646
M2,5.000,71.600,0.851814167255106
M2,5.000,74.930,0.8543761688389822
M2,5.000,78.260,0.8525931996035809
M2,5.000,81.590,0.8530010343109593
M2,5.000,84.920,0.8551574249377206
M2,5.000,88.250,0.8543563838076484
M2,5.000,91.580,0.8550239048402477
M2,5.000,94.910,0.8575167475133348
M2,5.000,98.240,0.8560258758848562
M2,5.000,101.570,0.8563418903061972
M2,5.000,104.900,0.8586474198710753
M2,5.000,108.230,0.8570521808608598
M2,5.000,111.560,0.8571999201677731
M2,5.000,114.890,0.8592894252632527
M2,5.000,118.220,0.8574882986284812
M2,8.330,1.670,0.8479122545118226
M2,8.330,5.000,0.84995123068928
M2,8.330,8.330,0.8479652153938491
M2,8.330,11.660,0.847876037538794
M2,8.330,14.990,0.849300969157849
M2,8.330,18.320,0.8473166605422513
M2,8.330,21.650,0.8476127675799261
M2,8.330,24.980,0.849490688203136
M2,8.330,28.310,0.8469223567303346
M2,8.330,31.640,0.8471435304287578
M2,8.330,34.970,0.8492928650394758
M2,8.330,38.300,0.8475773376042487
M2,8.330,41.630,0.8478250547889645
M2,8.330,44.960,0.8496926487826663
M2,8.330,48.290,0.8476639922557575
M2,8.330,51.620,0.8481004940787963
M2,8.330,54.950,0.8503182504244473
M2,8.330,58.280,0.8489386031936129
M2,8.330,61.610,0.8497793153737693
M2,8.330,64.940,0.8522508564874164
M2,8.330,68.270,0.8508952489548669
M2,8.330,71.600,0.8511961664364586
M2,8.330,74.930,0.8537230877512555
M2,8.330,78.260,0.8518047128744656
M2,8.330,81.590,0.8523860548766459
M2,8.330,84.920,0.8537239032425147
M2,8.330,88.250,0.853803778341839
M2,8.330,91.580,0.8544967279943028
M2,8.330,94.910,0.8568484340152577
M2,8.330,98.240,0.8554650357092747
M2,8.330,101.570,0.8556696250307092
M2,8.330,104.900,0.857942445967537
M2,8.330,108.230,0.8565300635082354
M2,8.330,111.560,0.8566231785535142
M2,8.330,114.890,0.858589424529493
M2,8.330,118.220,0.8570212622133895
M2,11.660,1.670,0.8476158286364434
M2,11.660,5.000,0.8494408435011293
M2,11.660,8.330,0.8474763372010576
M2,11.660,11.660,0.8475765863588064
M2,11.660,14.990,0.8486888550272101
M2,11.660,18.320,0.8470313906846256
M2,11.660,21.650,0.8470351328164375
M2,11.660,24.980,0.8489293224538201
M2,11.660,28.310,0.8461932615566481
M2,11.660,31.640,0.8465984300657212
M2,11.660,34.970,0.8484920164583541
M2,11.660,38.300,0.8469847426151641
M2,11.660,41.630,0.8473379570637758
M2,11.660,44.960,0.8488804464518617
M2,11.660,48.290,0.8471811632439252
M2,11.660,51.620,0.8474990888279245
M2,11.660,54.950,0.8497684496941609
M2,11.660,58.280,0.8483238851430706
M2,11.660,61.610,0.8492354375966007
M2,11.660,64.940,0.8516324713550433
M2,11.660,68.270,0.8503806471920691
M2,11.660,71.600,0.8507391156178109
M2,11.660,74.930,0.853108856663529
M2,11.660,78.260,0.8511438761453499
M2,11.660,81.590,0.8518709754423327
M2,11.660,84.920,0.8523436615473088
M2,11.660,88.250,0.8533399728760296
M2,11.660,91.580,0.8539978561483578
M2,11.660,94.910,0.8562095355171805
M2,11.660,98.240,0.8549585855336932
M2,11.660,101.570,0.8551194597552211
M2,11.660,104.900,0.8573429220639986
M2,11.660,108.230,0.856085646155611
M2,11.660,111.560,0.8561796369392554
M2,11.660,114.890,0.8580115237957334
M2,11.660,118.220,0.856620825798298
M2,14.990,1.670,0.847530302761064
M2,14.990,5.000,0.8490692063129784
M2,14.990,8.330,0.8473260090082662
M2,14.990,11.660,0.8473132101788184
M2,14.990,14.990,0.8483320408965713
M2,14.990,18.320,0.8467777558269999
M2,14.990,21.650,0.8465573980529488
M2,14.990,24.980,0.8484845067045043
M2,14.990,28.310,0.8457749663829616
M2,14.990,31.640,0.8460905147026844
M2,14.990,34.970,0.8479464678772324
M2,14.990,38.300,0.8464920476260794
M2,14.990,41.630,0.8469341093385868
M2,14.990,44.960,0.8483734941210572
M2,14.990,48.290,0.8467926842320929
M2,14.990,51.620,0.8469809335770527
M2,14.990,54.950,0.8493906989638744
M2,14.990,58.280,0.8479089670925278
M2,14.990,61.610,0.848780359819432
M2,14.990,64.940,0.8511472862226703
M2,14.990,68.270,0.8499492954292712
M2,14.990,71.600,0.8503930647991633
M2,14.990,74.930,0.8525778755758023
M2,14.990,78.260,0.8505551894162343
M2,14.990,81.590,0.8514502460080192
M2,14.990,84.920,0.8513463698521028
M2,14.990,88.250,0.8529089124102199
M2,14.990,91.580,0.8535822343024128
M2,14.990,94.910,0.8556871870191032
M2,14.990,98.240,0.8545242853581116
M2,14.990,101.570,0.854584834479733
M2,14.990,104.900,0.85681554816046
M2,14.990,108.230,0.8556789688029864
M2,14.990,111.560,0.8558526453249964
M2,14.990,114.890,0.8575723730619738
M2,14.990,118.220,0.8563091893832062
M2,18.320,1.670,0.8475446768856845
M2,18.320,5.000,0.8488085691248277
M2,18.320,8.330,0.8473144308154746
M2,18.320,11.660,0.8472052339988304
M2,18.320,14.990,0.8482027767659325
M2,18.320,18.320,0.8465651909693742
M2,18.320,21.650,0.8463516132894601
M2,18.320,24.980,0.8481451409551884
M2,18.320,28.310,0.8455453712092752
M2,18.320,31.640,0.8458378993396476
M2,18.320,34.970,0.8474841692961107
M2,18.320,38.300,0.8462824026369947
M2,18.320,41.630,0.8466468116133978
M2,18.320,44.960,0.8479153817902528
M2,18.320,48.290,0.8466484052202604
M2,18.320,51.620,0.8467069783261809
M2,18.320,54.950,0.849050688233588
M2,18.320,58.280,0.8477049490419852
M2,18.320,61.610,0.8485361820422634
M2,18.320,64.940,0.8507953010902974
M2,18.320,68.270,0.8496955436664733
M2,18.320,71.600,0.8501019589805157
M2,18.320,74.930,0.8521412444880757
M2,18.320,78.260,0.8502107026871186
M2,18.320,81.590,0.8510561565737058
M2,18.320,84.920,0.8510705781568969
M2,18.320,88.250,0.8525311319444104
M2,18.320,91.580,0.8532443124564677
M2,18.320,94.910,0.855253638521026
M2,18.320,98.240,0.8541787851825301
M2,18.320,101.570,0.8542944092042447
M2,18.320,104.900,0.8563331292569215
M2,18.320,108.230,0.8554221414503618
M2,18.320,111.560,0.8555867037107373
M2,18.320,114.890,0.8572053723282141
M2,18.320,118.220,0.8560214179681145
M2,21.650,1.670,0.8476367510103049
M2,21.650,5.000,0.8487310819366769
M2,21.650,8.330,0.847386102622683
M2,21.650,11.660,0.8472027078188424
M2,21.650,14.990,0.8482788626352935
M2,21.650,18.320,0.8466079261117484
M2,21.650,21.650,0.8463844785259713
M2,21.650,24.980,0.8478429602058726
M2,21.650,28.310,0.8455599760355887
M2,21.650,31.640,0.8456202489766107
M2,21.650,34.970,0.847271620714989
M2,21.650,38.300,0.84615045764791
M2,21.650,41.630,0.8464538638882088
M2,21.650,44.960,0.8478291194594484
M2,21.650,48.290,0.8466928262084279
M2,21.650,51.620,0.8468825730753091
M2,21.650,54.950,0.8487717275033014
M2,21.650,58.280,0.8477617809914426
M2,21.650,61.610,0.8484640542650946
M2,21.650,64.940,0.8504965959579243
M2,21.650,68.270,0.8495416919036753
M2,21.650,71.600,0.8499107531618678
M2,21.650,74.930,0.851745128400349
M2,21.650,78.260,0.8501159659580029
M2,21.650,81.590,0.8507175671393924
M2,21.650,84.920,0.8513053864616911
M2,21.650,88.250,0.8523087514786007
M2,21.650,91.580,0.8530062906105226
M2,21.650,94.910,0.8549477400229487
M2,21.650,98.240,0.8539942350069484
M2,21.650,101.570,0.8542259839287565
M2,21.650,104.900,0.856022760353383
M2,21.650,108.230,0.855214709097737
M2,21.650,111.560,0.8554706120964781
M2,21.650,114.890,0.8569382715944545
M2,21.650,118.220,0.8558668465530226
M2,24.980,1.670,0.8475634828706193
M2,24.980,5.000,0.849616366528675
M2,24.980,8.330,0.8472638937109398
M2,24.980,11.660,0.8470269231054095
M2,24.980,14.990,0.8491059513775916
M2,24.980,18.320,0.8464404214102528
M2,24.980,21.650,0.8461692279105623
M2,24.980,24.980,0.8482788836336942
M2,24.980,28.310,0.8453924827098225
M2,24.980,31.640,0.8451152308504783
M2,24.980,34.970,0.8479046225264065
M2,24.980,38.300,0.8459885328092077
M2,24.980,41.630,0.8460545871295658
M2,24.980,44.960,0.8483525279759315
M2,24.980,48.290,0.8464349243828834
M2,24.980,51.620,0.8467293025017824
M2,24.980,54.950,0.8492744911361907
M2,24.980,58.280,0.8475966778170805
M2,24.980,61.610,0.8482284486569397
M2,24.980,64.940,0.8509174109968622
M2,24.980,68.270,0.8493238693938278
M2,24.980,71.600,0.8496370238679032
M2,24.980,74.930,0.8520631453999342
M2,24.980,78.260,0.8498442307140149
M2,24.980,81.590,0.8500245178307934
M2,24.980,84.920,0.8525695283835452
M2,24.980,88.250,0.8519800795237769
M2,24.980,91.580,0.852606128164657
M2,24.980,94.910,0.8553534684464593
M2,24.980,98.240,0.8537197146214317
M2,24.980,101.570,0.8539598396946039
M2,24.980,104.900,0.8564151153110011
M2,24.980,108.230,0.8548599653033548
M2,24.980,111.560,0.8552127070160331
M2,24.980,114.890,0.8573857889314858
M2,24.980,118.220,0.8555435818544062
M2,28.310,1.670,0.8470034577551002
M2,28.310,5.000,0.8490198489357242
M2,28.310,8.330,0.8469325332240398
M2,28.310,11.660,0.8463775160090492
M2,28.310,14.990,0.8485280493225108
M2,28.310,18.320,0.8457112963725398
M2,28.310,21.650,0.8453113763601785
M2,28.310,24.980,0.8474662077421542
M2,28.310,28.310,0.8445722071897103
M2,28.310,31.640,0.8439394803363333
M2,28.310,34.970,0.8470232196864508
M2,28.310,38.300,0.8452932189208959
M2,28.310,41.630,0.8450287097229752
M2,28.310,44.960,0.8471947268511889
M2,28.310,48.290,0.8454906645513902
M2,28.310,51.620,0.8458616682264701
M2,28.310,54.950,0.8481237177330042
M2,28.310,58.280,0.8467002913042182
M2,28.310,61.610,0.8474439967025861
M2,28.310,64.940,0.8499733958007808
M2,28.310,68.270,0.8486217750433537
M2,28.310,71.600,0.8488263598764495
M2,28.310,74.930,0.851159178252975
M2,28.310,78.260,0.8487241919303746
M2,28.310,81.590,0.8488421900651082
M2,28.310,84.920,0.8515462958692165
M2,28.310,88.250,0.8514042367995496
M2,28.310,91.580,0.851951360370976
M2,28.310,94.910,0.8545446520489101
M2,28.310,98.240,0.8529768226467659
M2,28.310,101.570,0.8530539117867632
M2,28.310,104.900,0.8555575350856501
M2,28.310,108.230,0.8541585448496778
M2,28.310,111.560,0.854572817059375
M2,28.310,114.890,0.8565697748203088
M2,28.310,118.220,0.8548146022551765
M2,31.640,1.670,0.8465155826395812
M2,31.640,5.000,0.8484843813427735
M2,31.640,8.330,0.8466522327371396
M2,31.640,11.660,0.8458502089126891
M2,31.640,14.990,0.84812774726743
M2,31.640,18.320,0.8452319213348269
M2,31.640,21.650,0.8449308248097946
M2,31.640,24.980,0.8469310318506144
M2,31.640,28.310,0.8442902816695979
M2,31.640,31.640,0.8431522298221882
M2,31.640,34.970,0.8462972168464951
M2,31.640,38.300,0.8446534050325842
M2,31.640,41.630,0.8443136323163843
M2,31.640,44.960,0.8465586257264465
M2,31.640,48.290,0.844607454719897
M2,31.640,51.620,0.8453381339511576
M2,31.640,54.950,0.8471616443298176
M2,31.640,58.280,0.8459260047913557
M2,31.640,61.610,0.8467427947482324
M2,31.640,64.940,0.8491181806046995
M2,31.640,68.270,0.8480195806928797
M2,31.640,71.600,0.8482154958849959
M2,31.640,74.930,0.8504328111060161
M2,31.640,78.260,0.8479094031467342
M2,31.640,81.590,0.848325862299423
M2,31.640,84.920,0.8508560633548878
M2,31.640,88.250,0.8508783440753221
M2,31.640,91.580,0.8513576425772948
M2,31.640,94.910,0.8538246356513607
M2,31.640,98.240,0.8523560306721002
M2,31.640,101.570,0.8522090338789223
M2,31.640,104.900,0.8548165048602993
M2,31.640,108.230,0.8536513743960006
M2,31.640,111.560,0.8539828771027167
M2,31.640,114.890,0.855788725709132
M2,31.640,118.220,0.854202172655947
M2,34.970,1.670,0.8462719075240619
M2,34.970,5.000,0.8479572387498228
M2,34.970,8.330,0.8464940322502394
M2,34.970,11.660,0.8455282518163288
M2,34.970,14.990,0.8477668502123492
M2,34.970,18.320,0.844907946297114
M2,34.970,21.650,0.8446501732594106
M2,34.970,24.980,0.8464902059590745
M2,34.970,28.310,0.8441582061494853
M2,34.970,31.640,0.8428200793080431
M2,34.970,34.970,0.8457932140065393
M2,34.970,38.300,0.8442688911442723
M2,34.970,41.630,0.8437373049097933
M2,34.970,44.960,0.846161174601704
M2,34.970,48.290,0.8441571448884034
M2,34.970,51.620,0.844814599675845
M2,34.970,54.950,0.846432670926631
M2,34.970,58.280,0.8454347682784932
M2,34.970,61.610,0.8462080927938787
M2,34.970,64.940,0.848368415408618
M2,34.970,68.270,0.8474623413424055
M2,34.970,71.600,0.847687881893542
M2,34.970,74.930,0.8497447389590569
M2,34.970,78.260,0.8474387143630937
M2,34.970,81.590,0.8481758345337377
M2,34.970,84.920,0.8504877308405591
M2,34.970,88.250,0.8503668813510946
M2,34.970,91.580,0.8508416247836138
M2,34.970,94.910,0.8532600192538111
M2,34.970,98.240,0.8518795386974343
M2,34.970,101.570,0.8516083559710814
M2,34.970,104.900,0.8541809246349482
M2,34.970,108.230,0.8532330039423233
M2,34.970,111.560,0.8535205871460582
M2,34.970,114.890,0.855118676597955
M2,34.970,118.220,0.8535897430567173
M2,38.300,1.670,0.8462724324085427
M2,38.300,5.000,0.847674296156872
M2,38.300,8.330,0.8463702417633392
M2,38.300,11.660,0.8454393947199685
M2,38.300,14.990,0.8474381431572684
M2,38.300,18.320,0.8448947712594009
M2,38.300,21.650,0.8446303717090267
M2,38.300,24.980,0.8461326300675348
M2,38.300,28.310,0.8440927306293727
M2,38.300,31.640,0.8429596787938979
M2,38.300,34.970,0.8453408261665837
M2,38.300,38.300,0.8439565272559604
M2,38.300,41.630,0.8434107275032022
M2,38.300,44.960,0.8458042384769615
M2,38.300,48.290,0.8439177350569099
M2,38.300,51.620,0.8443293604005325
M2,38.300,54.950,0.8458868475234446
M2,38.300,58.280,0.8450045817656306
M2,38.300,61.610,0.8457843908395248
M2,38.300,64.940,0.8477907002125367
M2,38.300,68.270,0.8469939019919314
M2,38.300,71.600,0.8472657179020882
M2,38.300,74.930,0.8492009668120978
M2,38.300,78.260,0.8471012255794533
M2,38.300,81.590,0.8481368067680525
M2,38.300,84.920,0.8501915483262305
M2,38.300,88.250,0.8499064786268671
M2,38.300,91.580,0.8504255069899326
M2,38.300,94.910,0.8527786528562618
M2,38.300,98.240,0.8514640967227682
M2,38.300,101.570,0.8511519780632405
M2,38.300,104.900,0.8536896444095973
M2,38.300,108.230,0.852852373488646
M2,38.300,111.560,0.8530854921893997
M2,38.300,114.890,0.8545429774867782
M2,38.300,118.220,0.8530716634574876
M2,41.630,1.670,0.8463506572930233
M2,41.630,5.000,0.8474690535639211
M2,41.630,8.330,0.8462836362764388
M2,41.630,11.660,0.8456335876236082
M2,41.630,14.990,0.8472148861021875
M2,41.630,18.320,0.844998146221688
M2,41.630,21.650,0.8448381201586426
M2,41.630,24.980,0.846063654175995
M2,41.630,28.310,0.8441271551092603
M2,41.630,31.640,0.8432824282797527
M2,41.630,34.970,0.845077138326628
M2,41.630,38.300,0.8436541533676483
M2,41.630,41.630,0.8435115000966112
M2,41.630,44.960,0.845489482352219
M2,41.630,48.290,0.8439280752254164
M2,41.630,51.620,0.8441160711252198
M2,41.630,54.950,0.845696224120258
M2,41.630,58.280,0.8446409952527681
M2,41.630,61.610,0.8455438388851709
M2,41.630,64.940,0.8474294350164553
M2,41.630,68.270,0.8465720826414571
M2,41.630,71.600,0.8470433539106343
M2,41.630,74.930,0.8487681946651386
M2,41.630,78.260,0.8470578867958128
M2,41.630,81.590,0.8481427340023671
M2,41.630,84.920,0.8500174658119017
M2,41.630,88.250,0.8496569759026394
M2,41.630,91.580,0.8502591391962513
M2,41.630,94.910,0.8523805364587124
M2,41.630,98.240,0.8511152547481023
M2,41.630,101.570,0.8510674501553994
M2,41.630,104.900,0.8533149141842464
M2,41.630,108.230,0.8525494430349686
M2,41.630,111.560,0.8527447472327412
M2,41.630,114.890,0.8540560783756013
M2,41.630,118.220,0.8526479338582579
M2,44.960,1.670,0.8462415265796509
M2,44.960,5.000,0.8480533084934566
M2,44.960,8.330,0.8461291680318476
M2,44.960,11.660,0.8457755600025162
M2,44.960,14.990,0.847976489419156
M2,44.960,18.320,0.8449713068182897
M2,44.960,21.650,0.8448348237698737
M2,44.960,24.980,0.8467180659048607
M2,44.960,28.310,0.843965389984414
M2,44.960,31.640,0.8433174182578822
M2,44.960,34.970,0.845402815359475
M2,44.960,38.300,0.8430562141160416
M2,44.960,41.630,0.843310392957299
M2,44.960,44.960,0.8458766079366197
M2,44.960,48.290,0.8437351008909064
M2,44.960,51.620,0.843731537129887
M2,44.960,54.950,0.8462699402004247
M2,44.960,58.280,0.8442657686348931
M2,44.960,61.610,0.845103082186981
M2,44.960,64.940,0.8478375818315307
M2,44.960,68.270,0.8461829064507996
M2,44.960,71.600,0.846605147191055
M2,44.960,74.930,0.849300229085408
M2,44.960,78.260,0.8467105181242276
M2,44.960,81.590,0.8480448842339954
M2,44.960,84.920,0.8505066614488166
M2,44.960,88.250,0.849325789822703
M2,44.960,91.580,0.8499418889285476
M2,44.960,94.910,0.8527548512300855
M2,44.960,98.240,0.850699838521168
M2,44.960,101.570,0.8508785391431768
M2,44.960,104.900,0.8538626139155384
M2,44.960,108.230,0.8520720808242668
M2,44.960,111.560,0.8522628909497012
M2,44.960,114.890,0.8542574052557411
M2,44.960,118.220,0.8522672129257132
M2,48.290,1.670,0.8456105094232802
M2,48.290,5.000,0.8472708960215934
M2,48.290,8.330,0.8456116180618359
M2,48.290,11.660,0.8452861465587992
M2,48.290,14.990,0.847500446752541
M2,48.290,18.320,0.8443681189428441
M2,48.290,21.650,0.844310433407668
M2,48.290,24.980,0.8458811011710533
M2,48.290,28.310,0.8431289430805371
M2,48.290,31.640,0.8425419575830113
M2,48.290,34.970,0.8445359600856992
M2,48.290,38.300,0.8418309905679578
M2,48.290,41.630,0.8424875465407454
M2,48.290,44.960,0.8448832226595994
M2,48.290,48.290,0.842868992264368
M2,48.290,51.620,0.8427414874369064
M2,48.290,54.950,0.8451852159489781
M2,48.290,58.280,0.843317245072339
M2,48.290,61.610,0.844116538935653
M2,48.290,64.940,0.8467199130892875
M2,48.290,68.270,0.8453176193225143
M2,48.290,71.600,0.8456386523149421
M2,48.290,74.930,0.8485525830444426
M2,48.290,78.260,0.8452172533137313
M2,48.290,81.590,0.8475613780493646
M2,48.290,84.920,0.8493990722241924
M2,48.290,88.250,0.8486160810239642
M2,48.290,91.580,0.8492086469963714
M2,48.290,94.910,0.8519775613661995
M2,48.290,98.240,0.8502096127864477
M2,48.290,101.570,0.8502032699977446
M2,48.290,104.900,0.8531467087664407
M2,48.290,108.230,0.851246057019697
M2,48.290,111.560,0.8513662202761918
M2,48.290,114.890,0.8532062732863493
M2,48.290,118.220,0.8514845381865441
M2,51.620,1.670,0.8452292422669095
M2,51.620,5.000,0.8465717335497304
M2,51.620,8.330,0.8451484580918242
M2,51.620,11.660,0.8448372481150823
M2,51.620,14.990,0.8470549290859258
M2,51.620,18.320,0.8438648310673985
M2,51.620,21.650,0.843847093045462
M2,51.620,24.980,0.8451773364372461
M2,51.620,28.310,0.8423923961766602
M2,51.620,31.640,0.8420939469081402
M2,51.620,34.970,0.8439632548119236
M2,51.620,38.300,0.841133017019874
M2,51.620,41.630,0.8420920501241917
M2,51.620,44.960,0.8441173873825792
M2,51.620,48.290,0.8423691836378293
M2,51.620,51.620,0.8420400377439258
M2,51.620,54.950,0.8442836416975315
M2,51.620,58.280,0.8427405715097845
M2,51.620,61.610,0.8433852956843247
M2,51.620,64.940,0.8458408943470448
M2,51.620,68.270,0.8445133821942289
M2,51.620,71.600,0.8448220074388291
M2,51.620,74.930,0.8478826370034772
M2,51.620,78.260,0.8443344885032351
M2,51.620,81.590,0.8470911918647337
M2,51.620,84.920,0.8487077329995685
M2,51.620,88.250,0.8480950722252256
M2,51.620,91.580,0.848730705064195
M2,51.620,94.910,0.8513279215023134
M2,51.620,98.240,0.8498525870517274
M2,51.620,101.570,0.8496501008523124
M2,51.620,104.900,0.8524768686173432
M2,51.620,108.230,0.8504921832151274
M2,51.620,111.560,0.8505472496026824
M2,51.620,114.890,0.852615791316958
M2,51.620,118.220,0.850701863447375
M2,54.950,1.670,0.8448868251105386
M2,54.950,5.000,0.8461001210778674
M2,54.950,8.330,0.8447907481218123
M2,54.950,11.660,0.8444715996713652
M2,54.950,14.990,0.8466549214193106
M2,54.950,18.320,0.8435946431919528
M2,54.950,21.650,0.843572452683256
M2,54.950,24.980,0.8448176717034388
M2,54.950,28.310,0.8422052992727832
M2,54.950,31.640,0.8418235362332691
M2,54.950,34.970,0.8437901495381478
M2,54.950,38.300,0.8411565434717899
M2,54.950,41.630,0.8419574037076379
M2,54.950,44.960,0.8433515521055591
M2,54.950,48.290,0.8421968250112905
M2,54.950,51.620,0.841682688050945
M2,54.950,54.950,0.8436928674460846
M2,54.950,58.280,0.8423192979472302
M2,54.950,61.610,0.8428816024329965
M2,54.950,64.940,0.8452449256048018
M2,54.950,68.270,0.8437524350659434
M2,54.950,71.600,0.8444160625627161
M2,54.950,74.930,0.8472792909625119
M2,54.950,78.260,0.8437181236927388
M2,54.950,81.590,0.8467653056801027
M2,54.950,84.920,0.8483715937749443
M2,54.950,88.250,0.8476961634264868
M2,54.950,91.580,0.8483360131320187
M2,54.950,94.910,0.8507393316384274
M2,54.950,98.240,0.8495677113170068
M2,54.950,101.570,0.8493744317068799
M2,54.950,104.900,0.8518536484682456
M2,54.950,108.230,0.8500102594105576
M2,54.950,111.560,0.8500113289291727
M2,54.950,114.890,0.8520741493475663
M2,54.950,118.220,0.8501633887082057
M2,58.280,1.670,0.8446221079541677
M2,58.280,5.000,0.8459226586060044
M2,58.280,8.330,0.8445273881518005
M2,58.280,11.660,0.8442780012276482
M2,58.280,14.990,0.8463104137526954
M2,58.280,18.320,0.843579755316507
M2,58.280,21.650,0.84353646232105
M2,58.280,24.980,0.8448243069696316
M2,58.280,28.310,0.8425343523689063
M2,58.280,31.640,0.842163625558398
M2,58.280,34.970,0.8437280442643721
M2,58.280,38.300,0.841357669923706
M2,58.280,41.630,0.8420503072910841
M2,58.280,44.960,0.843129616828539
M2,58.280,48.290,0.8420377863847518
M2,58.280,51.620,0.8417804383579643
M2,58.280,54.950,0.843290793194638
M2,58.280,58.280,0.8420312243846757
M2,58.280,61.610,0.8425166591816681
M2,58.280,64.940,0.8446778168625589
M2,58.280,68.270,0.843396637937658
M2,58.280,71.600,0.844165517686603
M2,58.280,74.930,0.8467980449215465
M2,58.280,78.260,0.8438232588822425
M2,58.280,81.590,0.8464743844954715
M2,58.280,84.920,0.8481520045503201
M2,58.280,88.250,0.8474138046277482
M2,58.280,91.580,0.8480523211998422
M2,58.280,94.910,0.8502561917745414
M2,58.280,98.240,0.8493494355822863
M2,58.280,101.570,0.8492375125614476
M2,58.280,104.900,0.851363628319148
M2,58.280,108.230,0.8495660756059878
M2,58.280,111.560,0.8498250582556632
M2,58.280,114.890,0.8515991073781749
M2,58.280,118.220,0.8498358139690364
M2,61.610,1.670,0.8446126907977967
M2,61.610,5.000,0.8459782961341413
M2,61.610,8.330,0.8444804781817887
M2,61.610,11.660,0.8443508027839312
M2,61.610,14.990,0.8460058660860802
M2,61.610,18.320,0.8438701174410612
M2,61.610,21.650,0.8437169219588438
M2,61.610,24.980,0.8449530422358245
M2,61.610,28.310,0.8429744054650292
M2,61.610,31.640,0.8425925148835268
M2,61.610,34.970,0.8438379889905964
M2,61.610,38.300,0.841925096375622
M2,61.610,41.630,0.8421432108745303
M2,61.610,44.960,0.8434626815515189
M2,61.610,48.290,0.8419730977582129
M2,61.610,51.620,0.8419669886649835
M2,61.610,54.950,0.8431551189431912
M2,61.610,58.280,0.8418708008221213
M2,61.610,61.610,0.8423348659303397
M2,61.610,64.940,0.8442494581203159
M2,61.610,68.270,0.8432517408093724
M2,61.610,71.600,0.8440592728104899
M2,61.610,74.930,0.846449998880581
M2,61.610,78.260,0.8445388940717462
M2,61.610,81.590,0.8462833633108404
M2,61.610,84.920,0.848098915325696
M2,61.610,88.250,0.8472979458290094
M2,61.610,91.580,0.8479018292676657
M2,61.610,94.910,0.8500672019106552
M2,61.610,98.240,0.8491977598475657
M2,61.610,101.570,0.8492781934160152
M2,61.610,104.900,0.8509291081700504
M2,61.610,108.230,0.8495048418014179
M2,61.610,111.560,0.8497053875821535
M2,61.610,114.890,0.8512295154087833
M2,61.610,118.220,0.849741339229867
M2,64.940,1.670,0.8446027601751499
M2,64.940,5.000,0.846702102038457
M2,64.940,8.330,0.844345905859038
M2,64.940,11.660,0.8441669044731983
M2,64.940,14.990,0.8466078752950051
M2,64.940,18.320,0.8440738057845765
M2,64.940,21.650,0.8438717209125306
M2,64.940,24.980,0.8458705929850635
M2,64.940,28.310,0.8431595682678891
M2,64.940,31.640,0.8427402854409557
M2,64.940,34.970,0.8446743176274505
M2,64.940,38.300,0.8422397593298088
M2,64.940,41.630,0.8421014798172703
M2,64.940,44.960,0.844515705328318
M2,64.940,48.290,0.8417280555221159
M2,64.940,51.620,0.841952262675814
M2,64.940,54.950,0.8435236512146211
M2,64.940,58.280,0.8415712531413837
M2,64.940,61.610,0.8418254100048574
M2,64.940,64.940,0.8444753754192367
M2,64.940,68.270,0.8430899745454143
M2,64.940,71.600,0.8437529931562106
M2,64.940,74.930,0.8469100884282037
M2,64.940,78.260,0.8449042916233045
M2,64.940,81.590,0.8460799777437693
M2,64.940,84.920,0.848753959110479
M2,64.940,88.250,0.8470684687974114
M2,64.940,91.580,0.8477692395863543
M2,64.940,94.910,0.850646000711546
M2,64.940,98.240,0.8489416687437557
M2,64.940,101.570,0.8492499466692506
M2,64.940,104.900,0.8512046895378007
M2,64.940,108.230,0.8492041361270006
M2,64.940,111.560,0.8494078524483102
M2,64.940,114.890,0.851896446247918
M2,64.940,118.220,0.8493825069047819
M2,68.270,1.670,0.8440319711760802
M2,68.270,5.000,0.8461325079380628
M2,68.270,8.330,0.8438080017544054
M2,68.270,11.660,0.8436164414723186
M2,68.270,14.990,0.8459131674610533
M2,68.270,18.320,0.8436859342182704
M2,68.270,21.650,0.8434440314722472
M2,68.270,24.980,0.8452972462844354
M2,68.270,28.310,0.8427899086874459
M2,68.270,31.640,0.8422147897696434
M2,68.270,34.970,0.8438562502880841
M2,68.270,38.300,0.8417568588342866
M2,68.270,41.630,0.841691216047165
M2,68.270,44.960,0.8440122721133615
M2,68.270,48.290,0.8408303553757484
M2,68.270,51.620,0.841451324616525
M2,68.270,54.950,0.8417419136209967
M2,68.270,58.280,0.8409244027652797
M2,68.270,61.610,0.8405841905485961
M2,68.270,64.940,0.8428025942923718
M2,68.270,68.270,0.8423423946953384
M2,68.270,71.600,0.8428108579688042
M2,68.270,74.930,0.8460582189729273
M2,68.270,78.260,0.8441599849784489
M2,68.270,81.590,0.8454975781656122
M2,68.270,84.920,0.8479712013739985
M2,68.270,88.250,0.8461179957832506
M2,68.270,91.580,0.8473001296495583
M2,68.270,94.910,0.8500068077662388
M2,68.270,98.240,0.8483315673299671
M2,68.270,101.570,0.8488672926113819
M2,68.270,104.900,0.8502742699486333
M2,68.270,108.230,0.8484974199958382
M2,68.270,111.560,0.8490606946218896
M2,68.270,114.890,0.8512587313230968
M2,68.270,118.220,0.8487686934045128
M2,71.600,1.670,0.8436831821770107
M2,71.600,5.000,0.8456295138376687
M2,71.600,8.330,0.8434643476497727
M2,71.600,11.660,0.843282428471439
M2,71.600,14.990,0.8454737596271015
M2,71.600,18.320,0.8433346926519643
M2,71.600,21.650,0.8431550920319637
M2,71.600,24.980,0.8448681995838072
M2,71.600,28.310,0.8424979491070025
M2,71.600,31.640,0.841828044098331
M2,71.600,34.970,0.8433323329487173
M2,71.600,38.300,0.8414460083387644
M2,71.600,41.630,0.8414363522770595
M2,71.600,44.960,0.8435088388984049
M2,71.600,48.290,0.8403822052293809
M2,71.600,51.620,0.8411002365572358
M2,71.600,54.950,0.8410146760273723
M2,71.600,58.280,0.8403830023891754
M2,71.600,61.610,0.8395316710923347
M2,71.600,64.940,0.8413684631655071
M2,71.600,68.270,0.8418723148452625
M2,71.600,71.600,0.8418870377813978
M2,71.600,74.930,0.845322899517651
M2,71.600,78.260,0.8434822783335932
M2,71.600,81.590,0.8451316285874549
M2,71.600,84.920,0.8472422786375179
M2,71.600,88.250,0.8454561227690901
M2,71.600,91.580,0.8471085197127624
M2,71.600,94.910,0.8495840648209316
M2,71.600,98.240,0.8477936159161784
M2,71.600,101.570,0.8485090585535131
M2,71.600,104.900,0.8497601003594661
M2,71.600,108.230,0.8481015038646755
M2,71.600,111.560,0.8487856867954688
M2,71.600,114.890,0.8506620863982757
M2,71.600,118.220,0.8482159299042433
M2,74.930,1.670,0.8435119931779409
M2,74.930,5.000,0.8452430697372744
M2,74.930,8.330,0.8432538935451399
M2,74.930,11.660,0.8431038154705591
M2,74.930,14.990,0.8452008517931495
M2,74.930,18.320,0.8432054510856579
M2,74.930,21.650,0.8430104525916802
M2,74.930,24.980,0.8445668028831791
M2,74.930,28.310,0.842394689526559
M2,74.930,31.640,0.8415689484270187
M2,74.930,34.970,0.8430526156093507
M2,74.930,38.300,0.8412406078432421
M2,74.930,41.630,0.8413257885069539
M2,74.930,44.960,0.8431941056834482
M2,74.930,48.290,0.8401449550830131
M2,74.930,51.620,0.8407752334979464
M2,74.930,54.950,0.8406537384337479
M2,74.930,58.280,0.839997002013071
M2,74.930,61.610,0.8385080116360732
M2,74.930,64.940,0.8410998320386421
M2,74.930,68.270,0.8417019349951865
M2,74.930,71.600,0.8412407175939913
M2,74.930,74.930,0.8448706300623747
M2,74.930,78.260,0.8431264716887376
M2,74.930,81.590,0.8448161840092977
M2,74.930,84.920,0.8466909559010373
M2,74.930,88.250,0.8451272497549293
M2,74.930,91.580,0.8469779597759662
M2,74.930,94.910,0.8492445718756245
M2,74.930,98.240,0.8473111645023897
M2,74.930,101.570,0.8483339744956441
M2,74.930,104.900,0.8494068807702989
M2,74.930,108.230,0.8477544277335128
M2,74.930,111.560,0.8485717289690481
M2,74.930,114.890,0.8501597914734546
M2,74.930,118.220,0.8478407664039738
M2,78.260,1.670,0.8435461541788711
M2,78.260,5.000,0.8450730756368801
M2,78.260,8.330,0.8432210394405071
M2,78.260,11.660,0.8431361024696793
M2,78.260,14.990,0.8450278439591977
M2,78.260,18.320,0.8432149595193518
M2,78.260,21.650,0.8429546131513966
M2,78.260,24.980,0.8444929561825512
M2,78.260,28.310,0.8424523799461155
M2,78.260,31.640,0.8417982527557064
M2,78.260,34.970,0.8430781482699842
M2,78.260,38.300,0.8412461073477197
M2,78.260,41.630,0.8412762747368484
M2,78.260,44.960,0.8429287674684918
M2,78.260,48.290,0.8401685549366454
M2,78.260,51.620,0.8404813104386569
M2,78.260,54.950,0.8406979508401236
M2,78.260,58.280,0.8399329016369667
M2,78.260,61.610,0.8390383521798117
M2,78.260,64.940,0.8410476509117774
M2,78.260,68.270,0.8415609701451104
M2,78.260,71.600,0.8411493974065848
M2,78.260,74.930,0.8447180606070984
M2,78.260,78.260,0.8428761150438819
M2,78.260,81.590,0.8445784394311403
M2,78.260,84.920,0.8464948331645566
M2,78.260,88.250,0.8453422767407683
M2,78.260,91.580,0.8468634948391701
M2,78.260,94.910,0.8490160789303175
M2,78.260,98.240,0.847195013088601
M2,78.260,101.570,0.8481794254377751
M2,78.260,104.900,0.8492590111811317
M2,78.260,108.230,0.8478458016023501
M2,78.260,111.560,0.8484188211426273
M2,78.260,114.890,0.8498905965486333
M2,78.260,118.220,0.8479373529037043
M2,81.590,1.670,0.8436691151798014
M2,81.590,5.000,0.8450695815364858
M2,81.590,8.330,0.8434712353358742
M2,81.590,11.660,0.8434569894687994
M2,81.590,14.990,0.8449769361252459
M2,81.590,18.320,0.8433521179530455
M2,81.590,21.650,0.843248423711113
M2,81.590,24.980,0.844502359481923
M2,81.590,28.310,0.8426377203656721
M2,81.590,31.640,0.842199607084394
M2,81.590,34.970,0.8433423309306174
M2,81.590,38.300,0.8415180068521971
M2,81.590,41.630,0.8412989109667426
M2,81.590,44.960,0.8427522292535351
M2,81.590,48.290,0.8405806547902777
M2,81.590,51.620,0.8402650873793676
M2,81.590,54.950,0.8408531632464992
M2,81.590,58.280,0.8399465012608622
M2,81.590,61.610,0.8396408427235502
M2,81.590,64.940,0.8412008197849125
M2,81.590,68.270,0.8415143552950344
M2,81.590,71.600,0.8417240772191781
M2,81.590,74.930,0.844565491151822
M2,81.590,78.260,0.8432362583990263
M2,81.590,81.590,0.844429494852983
M2,81.590,84.920,0.846609510428076
M2,81.590,88.250,0.8457293537266075
M2,81.590,91.580,0.846871129902374
M2,81.590,94.910,0.8488819359850104
M2,81.590,98.240,0.8473841116748123
M2,81.590,101.570,0.8480404163799062
M2,81.590,104.900,0.8493608915919645
M2,81.590,108.230,0.8481647254711874
M2,81.590,111.560,0.8486155633162065
M2,81.590,114.890,0.8499211016238122
M2,81.590,118.220,0.8482503894034348
M2,84.920,1.670,0.8437028768254716
M2,84.920,5.000,0.8458802715998183
M2,84.920,8.330,0.843579401860897
M2,84.920,11.660,0.8436658946695746
M2,84.920,14.990,0.845895908752534
M2,84.920,18.320,0.8433770647001871
M2,84.920,21.650,0.8434060239624461
M2,84.920,24.980,0.8455029048463697
M2,84.920,28.310,0.8428377197342456
M2,84.920,31.640,0.8424415151559788
M2,84.920,34.970,0.8444186178878016
M2,84.920,38.300,0.8416335787187813
M2,84.920,41.630,0.8411130939363524
M2,84.920,44.960,0.8435371494333058
M2,84.920,48.290,0.8407679944968833
M2,84.920,51.620,0.8399676456026737
M2,84.920,54.950,0.8416990378104616
M2,84.920,58.280,0.8397105694000632
M2,84.920,61.610,0.8398981444337789
M2,84.920,64.940,0.8420669790347448
M2,84.920,68.270,0.8413133124979515
M2,84.920,71.600,0.8420610052228609
M2,84.920,74.930,0.845213826911028
M2,84.920,78.260,0.8434191143703689
M2,84.920,81.590,0.8444823145029485
M2,84.920,84.920,0.8474578247632738
M2,84.920,88.250,0.8458625970109018
M2,84.920,91.580,0.8468325957992586
M2,84.920,94.910,0.8495901099244887
M2,84.920,98.240,0.8474866068111842
M2,84.920,101.570,0.8477967934806215
M2,84.920,104.900,0.8503645890512311
M2,84.920,108.230,0.848455861914918
M2,84.920,111.560,0.8486185249783144
M2,84.920,114.890,0.8508394133700119
M2,84.920,118.220,0.8484766220122445
M2,88.250,1.670,0.8433019199733857
M2,88.250,5.000,0.8452405742980493
M2,88.250,8.330,0.8431556189530173
M2,88.250,11.660,0.8432722242802059
M2,88.250,14.990,0.8453987002757581
M2,88.250,18.320,0.8429266612176618
M2,88.250,21.650,0.8430672111952459
M2,88.250,24.980,0.8450528623685568
M2,88.250,28.310,0.8424882919540291
M2,88.250,31.640,0.8420589999485135
M2,88.250,34.970,0.8439160744581294
M2,88.250,38.300,0.8411191176890738
M2,88.250,41.630,0.8405698413094991
M2,88.250,44.960,0.843076055432101
M2,88.250,48.290,0.8403524556609161
M2,88.250,51.620,0.8390028317144268
M2,88.250,54.950,0.8406963540173623
M2,88.250,58.280,0.8386621826799248
M2,88.250,61.610,0.8391738336619291
M2,88.250,64.940,0.8412349996782099
M2,88.250,68.270,0.8406824115843426
M2,88.250,71.600,0.8416963415117819
M2,88.250,74.930,0.8444732456338482
M2,88.250,78.260,0.8427493862374535
M2,88.250,81.590,0.8440207303044396
M2,88.250,84.920,0.846872219970769
M2,88.250,88.250,0.8454379852705962
M2,88.250,91.580,0.8464612130386191
M2,88.250,94.910,0.8490842861524676
M2,88.250,98.240,0.8470550929094298
M2,88.250,101.570,0.8471897068308382
M2,88.250,104.900,0.8499108940467035
M2,88.250,108.230,0.8482094491581497
M2,88.250,111.560,0.8481432381486939
M2,88.250,114.890,0.8503815991424095
M2,88.250,118.220,0.8481795340552083
M2,91.580,1.670,0.8430952131212996
M2,91.580,5.000,0.8449671769962807
M2,91.580,8.330,0.8428539360451376
M2,91.580,11.660,0.8430062038908371
M2,91.580,14.990,0.8450679917989824
M2,91.580,18.320,0.8426094577351362
M2,91.580,21.650,0.8428393984280454
M2,91.580,24.980,0.844697169890744
M2,91.580,28.310,0.8422221141738124
M2,91.580,31.640,0.8417486347410484
M2,91.580,34.970,0.8435411810284573
M2,91.580,38.300,0.8406879066593664
M2,91.580,41.630,0.8402319386826458
M2,91.580,44.960,0.8427204114308959
M2,91.580,48.290,0.8401034168249489
M2,91.580,51.620,0.8384431678261798
M2,91.580,54.950,0.8400932702242632
M2,91.580,58.280,0.8384462959597866
M2,91.580,61.610,0.8384622878900794
M2,91.580,64.940,0.8408692203216751
M2,91.580,68.270,0.8401125606707337
M2,91.580,71.600,0.8413455528007029
M2,91.580,74.930,0.8439935143566684
M2,91.580,78.260,0.842179558104538
M2,91.580,81.590,0.8436701461059306
M2,91.580,84.920,0.8464087151782641
M2,91.580,88.250,0.8452131735302907
M2,91.580,91.580,0.8461841802779795
M2,91.580,94.910,0.8486506123804465
M2,91.580,98.240,0.8468344790076755
M2,91.580,101.570,0.8468490201810548
M2,91.580,104.900,0.8495093690421759
M2,91.580,108.230,0.8480351864013815
M2,91.580,111.560,0.8477401013190734
M2,91.580,114.890,0.8499903849148069
M2,91.580,118.220,0.8479823460981719
M2,94.910,1.670,0.8430827562692135
M2,94.910,5.000,0.8448214296945118
M2,94.910,8.330,0.8427409531372578
M2,94.910,11.660,0.8430065835014683
M2,94.910,14.990,0.8448482833222066
M2,94.910,18.320,0.8424476542526107
M2,94.910,21.650,0.8426726356608452
M2,94.910,24.980,0.8444191774129312
M2,94.910,28.310,0.8420336363935956
M2,94.910,31.640,0.8416713695335831
M2,94.910,34.970,0.843282837598785
M2,94.910,38.300,0.8405286456296589
M2,94.910,41.630,0.8402436860557922
M2,94.910,44.960,0.8424369174296907
M2,94.910,48.290,0.8399265279889816
M2,94.910,51.620,0.8381887539379327
M2,94.910,54.950,0.839956386431164
M2,94.910,58.280,0.838424659239648
M2,94.910,61.610,0.8378561921182295
M2,94.910,64.940,0.8408974909651402
M2,94.910,68.270,0.8396814597571246
M2,94.910,71.600,0.8410835640896236
M2,94.910,74.930,0.8435859330794885
M2,94.910,78.260,0.8418761299716224
M2,94.910,81.590,0.8434194619074216
M2,94.910,84.920,0.8460062603857591
M2,94.910,88.250,0.845071611789985
M2,94.910,91.580,0.8460514475173397
M2,94.910,94.910,0.8483001886084253
M2,94.910,98.240,0.8467026651059211
M2,94.910,101.570,0.8465549535312713
M2,94.910,104.900,0.8491910940376483
M2,94.910,108.230,0.8479552736446131
M2,94.910,111.560,0.8474146644894527
M2,94.910,114.890,0.8496280306872044
M2,94.910,118.220,0.8480182581411354
M2,98.240,1.670,0.8432201494171274
M2,98.240,5.000,0.844853282392743
M2,98.240,8.330,0.8428666202293781
M2,98.240,11.660,0.8430508081120994
M2,98.240,14.990,0.8447673248454308
M2,98.240,18.320,0.8424690007700851
M2,98.240,21.650,0.8426390728936448
M2,98.240,24.980,0.8442466349351184
M2,98.240,28.310,0.8420727086133788
M2,98.240,31.640,0.8417661543261178
M2,98.240,34.970,0.8431632441691127
M2,98.240,38.300,0.8405192345999514
M2,98.240,41.630,0.8404496834289388
M2,98.240,44.960,0.8422061484284857
M2,98.240,48.290,0.8398495391530143
M2,98.240,51.620,0.8385448400496855
M2,98.240,54.950,0.8400748026380649
M2,98.240,58.280,0.8385140225195096
M2,98.240,61.610,0.8380825963463796
M2,98.240,64.940,0.8409257616086054
M2,98.240,68.270,0.8396888088435155
M2,98.240,71.600,0.8409991753785443
M2,98.240,74.930,0.8432560518023088
M2,98.240,78.260,0.8418502018387068
M2,98.240,81.590,0.8432464777089125
M2,98.240,84.920,0.8456759555932543
M2,98.240,88.250,0.8449911000496794
M2,98.240,91.580,0.8459908647567002
M2,98.240,94.910,0.8480385648364042
M2,98.240,98.240,0.8466263512041666
M2,98.240,101.570,0.8467714868814877
M2,98.240,104.900,0.8489000140331207
M2,98.240,108.230,0.8479364108878448
M2,98.240,111.560,0.847316777659832
M2,98.240,114.890,0.8495986764596019
M2,98.240,118.220,0.8480835851840989
M2,101.570,1.670,0.8434685425650412
M2,101.570,5.000,0.8449461850909742
M2,101.570,8.330,0.8431976373214982
M2,101.570,11.660,0.8432448827227305
M2,101.570,14.990,0.844714116368655
M2,101.570,18.320,0.8426568472875595
M2,101.570,21.650,0.8427664601264442
M2,101.570,24.980,0.8441573424573056
M2,101.570,28.310,0.8422838308331619
M2,101.570,31.640,0.8419830391186524
M2,101.570,34.970,0.8431768507394404
M2,101.570,38.300,0.8408816735702437
M2,101.570,41.630,0.8407278308020854
M2,101.570,44.960,0.8420641794272806
M2,101.570,48.290,0.8398891003170469
M2,101.570,51.620,0.8390008261614383
M2,101.570,54.950,0.8403430688449658
M2,101.570,58.280,0.838925285799371
M2,101.570,61.610,0.8386087005745297
M2,101.570,64.940,0.8410594822520704
M2,101.570,68.270,0.8400291579299063
M2,101.570,71.600,0.840970286667465
M2,101.570,74.930,0.8431703705251289
M2,101.570,78.260,0.8421683737057912
M2,101.570,81.590,0.8431345435104033
M2,101.570,84.920,0.8454844008007494
M2,101.570,88.250,0.8450548883093736
M2,101.570,91.580,0.8459730169960604
M2,101.570,94.910,0.8479323410643831
M2,101.570,98.240,0.8467387373024121
M2,101.570,101.570,0.8470418552317042
M2,101.570,104.900,0.848842034028593
M2,101.570,108.230,0.8479336431310763
M2,101.570,111.560,0.8476406908302113
M2,101.570,114.890,0.8496359222319994
M2,101.570,118.220,0.8481966422270623
M2,104.900,1.670,0.8435904598427109
M2,104.900,5.000,0.8459018139534357
M2,104.900,8.330,0.8432325165481172
M2,104.900,11.660,0.8432139266695085
M2,104.900,14.990,0.8455985703376953
M2,104.900,18.320,0.8426830334394262
M2,104.900,21.650,0.8427687762683131
M2,104.900,24.980,0.844802738708197
M2,104.900,28.310,0.842297569653611
M2,104.900,31.640,0.8420096933428585
M2,104.900,34.970,0.8441068982660446
M2,104.900,38.300,0.8410284220089169
M2,104.900,41.630,0.8407310087688817
M2,104.900,44.960,0.8429189755276083
M2,104.900,48.290,0.8396783312516406
M2,104.900,51.620,0.8390508961735659
M2,104.900,54.950,0.8413105706502118
M2,104.900,58.280,0.8391389465927878
M2,104.900,61.610,0.8388059988783105
M2,104.900,64.940,0.8420367638312851
M2,104.900,68.270,0.8400455500834471
M2,104.900,71.600,0.8406169565783318
M2,104.900,74.930,0.843954702102697
M2,104.900,78.260,0.8421776484656434
M2,104.900,81.590,0.8430095731853205
M2,104.900,84.920,0.8458686569707166
M2,104.900,88.250,0.845049887602193
M2,104.900,91.580,0.845847012256634
M2,104.900,94.910,0.8486742348486023
M2,104.900,98.240,0.8465967571549384
M2,104.900,101.570,0.8471357152184924
M2,104.900,104.900,0.8496866475944274
M2,104.900,108.230,0.8477608881991633
M2,104.900,111.560,0.8476358827782549
M2,104.900,114.890,0.8504276241925265
M2,104.900,118.220,0.8480967982060731
M2,108.230,1.670,0.8431536748427112
M2,108.230,5.000,0.8455410639534359
M2,108.230,8.330,0.8426719665481176
M2,108.230,11.660,0.8427643766695089
M2,108.230,14.990,0.8451656703376954
M2,108.230,18.320,0.8420059334394266
M2,108.230,21.650,0.8423414262683135
M2,108.230,24.980,0.8439424887081972
M2,108.230,28.310,0.8418757696536114
M2,108.230,31.640,0.841604543342859
M2,108.230,34.970,0.8437122932660446
M2,108.230,38.300,0.8404789720089174
M2,108.230,41.630,0.8400983087688821
M2,108.230,44.960,0.8424416755276083
M2,108.230,48.290,0.8387736812516409
M2,108.230,51.620,0.8382572461735662
M2,108.230,54.950,0.840311570650212
M2,108.230,58.280,0.8385600815927882
M2,108.230,61.610,0.8381122488783109
M2,108.230,64.940,0.8413152638312854
M2,108.230,68.270,0.8393018500834474
M2,108.230,71.600,0.8396540315783323
M2,108.230,74.930,0.843355302102697
M2,108.230,78.260,0.8417264334656436
M2,108.230,81.590,0.8423946331853208
M2,108.230,84.920,0.8449085069707166
M2,108.230,88.250,0.8446214276021934
M2,108.230,91.580,0.8453419622566344
M2,108.230,94.910,0.8481708498486024
M2,108.230,98.240,0.8458530571549387
M2,108.230,101.570,0.8466306652184927
M2,108.230,104.900,0.8493197925944274
M2,108.230,108.230,0.8474029131991636
M2,108.230,111.560,0.8470614577782551
M2,108.230,114.890,0.8500113741925267
M2,108.230,118.220,0.8476805482060734
M2,111.560,1.670,0.8428389898427117
M2,111.560,5.000,0.845296863953436
M2,111.560,8.330,0.8422057665481181
M2,111.560,11.660,0.8424535766695093
M2,111.560,14.990,0.8448326703376955
M2,111.560,18.320,0.8414342834394269
M2,111.560,21.650,0.8420195262683138
M2,111.560,24.980,0.8433708387081974
M2,111.560,28.310,0.8415538696536117
M2,111.560,31.640,0.8412770933428593
M2,111.560,34.970,0.8433898382660449
M2,111.560,38.300,0.8400294220089177
M2,111.560,41.630,0.8396654087688825
M2,111.560,44.960,0.8420309755276085
M2,111.560,48.290,0.8379578312516412
M2,111.560,51.620,0.8378742961735667
M2,111.560,54.950,0.8393514206502123
M2,111.560,58.280,0.8380700165927885
M2,111.560,61.610,0.8376182988783111
M2,111.560,64.940,0.8407269638312856
M2,111.560,68.270,0.8387746000834476
M2,111.560,71.600,0.8391739565783326
M2,111.560,74.930,0.8430667021026972
M2,111.560,78.260,0.8412990834656439
M2,111.560,81.590,0.8421681931853211
M2,111.560,84.920,0.8442036569707169
M2,111.560,88.250,0.8442479126021938
M2,111.560,91.580,0.8450700122566349
M2,111.560,94.910,0.8477618148486025
M2,111.560,98.240,0.8452814071549392
M2,111.560,101.570,0.846358715218493
M2,111.560,104.900,0.8489923425944276
M2,111.560,108.230,0.8471170881991641
M2,111.560,111.560,0.8465342077782555
M2,111.560,114.890,0.849667274192527
M2,111.560,118.220,0.8473475482060738
M2,114.890,1.670,0.8425725898427119
M2,114.890,5.000,0.8451414639534361
M2,114.890,8.330,0.8418616665481183
M2,114.890,11.660,0.8422315766695094
M2,114.890,14.990,0.8447161203376956
M2,114.890,18.320,0.8410568834394272
M2,114.890,21.650,0.841764226268314
M2,114.890,24.980,0.8429157387081975
M2,114.890,28.310,0.8413540696536119
M2,114.890,31.640,0.8410994933428594
M2,114.890,34.970,0.8432449832660449
M2,114.890,38.300,0.8396908720089179
M2,114.890,41.630,0.8394156587688828
M2,114.890,44.960,0.8417479255276086
M2,114.890,48.290,0.8371974812516415
M2,114.890,51.620,0.8375912461735668
M2,114.890,54.950,0.8388741206502124
M2,114.890,58.280,0.8376249065927887
M2,114.890,61.610,0.8373574488783112
M2,114.890,64.940,0.8402385638312859
M2,114.890,68.270,0.8384860000834479
M2,114.890,71.600,0.8389325315783328
M2,114.890,74.930,0.8428780021026973
M2,114.890,78.260,0.840932783465644
M2,114.890,81.590,0.8420305531853214
M2,114.890,84.920,0.844053806970717
M2,114.890,88.250,0.843914912602194
M2,114.890,91.580,0.8448591122566351
M2,114.890,94.910,0.8475414798486025
M2,114.890,98.240,0.8448152071549393
M2,114.890,101.570,0.8461866652184932
M2,114.890,104.900,0.8488147425944277
M2,114.890,108.230,0.8469478131991642
M2,114.890,111.560,0.8461235077782558
M2,114.890,114.890,0.8494286241925271
M2,114.890,118.220,0.8471255482060741
M2,118.220,1.670,0.842406089842712
M2,118.220,5.000,0.8450582139534364
M2,118.220,8.330,0.8416063665481185
M2,118.220,11.660,0.8420817266695096
M2,118.220,14.990,0.8446606203376958
M2,118.220,18.320,0.8407849334394274
M2,118.220,21.650,0.8415699762683143
M2,118.220,24.980,0.8426326887081976
M2,118.220,28.310,0.8412486196536121
M2,118.220,31.640,0.8410273433428597
M2,118.220,34.970,0.8431506332660451
M2,118.220,38.300,0.8395077220089182
M2,118.220,41.630,0.839260258768883
M2,118.220,44.960,0.8416369255276087
M2,118.220,48.290,0.8367090812516418
M2,118.220,51.620,0.8375301961735672
M2,118.220,54.950,0.8386132706502126
M2,118.220,58.280,0.837601596592789
M2,118.220,61.610,0.8371520988783113
M2,118.220,64.940,0.8400276638312861
M2,118.220,68.270,0.8383417000834481
M2,118.220,71.600,0.8388798065783329
M2,118.220,74.930,0.8427781021026974
M2,118.220,78.260,0.8408495334656442
M2,118.220,81.590,0.8419251031853215
M2,118.220,84.920,0.843981656970717
M2,118.220,88.250,0.8437317626021942
M2,118.220,91.580,0.8447370122566352
M2,118.220,94.910,0.8473749798486028
M2,118.220,98.240,0.8446931071549395
M2,118.220,101.570,0.8461089652184933
M2,118.220,104.900,0.8487481425944279
M2,118.220,108.230,0.8469006381991645
M2,118.220,111.560,0.8459792077782562
M2,118.220,114.890,0.8493675741925273
M2,118.220,118.220,0.8470034482060744
M3,5.000,4.900,0.9496841941307502
M3,5.000,14.890,0.949685476214779
M3,5.000,24.880,0.9496853826323736
M3,5.000,34.870,0.9496854917083194
M3,5.000,44.860,0.9496869228040379
M3,5.000,54.850,0.9496890617746807
M3,5.000,64.840,0.9496945163748177
M3,5.000,74.830,0.9496987589012942
M3,5.000,84.820,0.9497015566929378
M3,5.000,94.810,0.9497085440212308
M3,5.000,104.800,0.9497123208662281
M3,5.000,114.790,0.9497164940220609
M3,24.980,4.900,0.9496807463310621
M3,24.980,14.890,0.9496820318888725
M3,24.980,24.880,0.949679715403624
M3,24.980,34.870,0.9496786114866276
M3,24.980,44.860,0.9496799689719367
M3,24.980,54.850,0.9496829003896959
M3,24.980,64.840,0.9496878703528756
M3,24.980,74.830,0.9496914682653005
M3,24.980,84.820,0.9496935199781539
M3,24.980,94.810,0.9497016573559163
M3,24.980,104.800,0.9497053531985982
M3,24.980,114.790,0.9497104922737737
M3,44.960,4.900,0.9496758462742517
M3,44.960,14.890,0.9496783257801095
M3,44.960,24.880,0.9496747142578011
M3,44.960,34.870,0.9496708862800173
M3,44.960,44.860,0.949672090301332
M3,44.960,54.850,0.9496735138726002
M3,44.960,64.840,0.949678244024926
M3,44.960,74.830,0.949682824530086
M3,44.960,84.820,0.9496868226437699
M3,44.960,94.810,0.9496935557470123
M3,44.960,104.800,0.9496972234778609
M3,44.960,114.790,0.9497008152493478
M3,64.940,4.900,0.9496715520954174
M3,64.940,14.890,0.9496741003570681
M3,64.940,24.880,0.9496719747398473
M3,64.940,34.870,0.9496684548973428
M3,64.940,44.860,0.949667677536691
M3,64.940,54.850,0.9496650021369388
M3,64.940,64.840,0.9496679272210976
M3,64.940,74.830,0.949675246105126
M3,64.940,84.820,0.9496811308772205
M3,64.940,94.810,0.9496868800879623
M3,64.940,104.800,0.9496889941432022
M3,64.940,114.790,0.9496933947622962
M3,84.920,4.900,0.9496689610865829
M3,84.920,14.890,0.9496718950399093
M3,84.920,24.880,0.9496707718954427
M3,84.920,34.870,0.9496675052590775
M3,84.920,44.860,0.9496645701544418
M3,84.920,54.850,0.9496593102598307
M3,84.920,64.840,0.949660561163255
M3,84.920,74.830,0.9496698615290611
M3,84.920,84.820,0.9496770191766125
M3,84.920,94.810,0.9496835452453682
M3,84.920,104.800,0.9496862782472115
M3,84.920,114.790,0.9496901267819249
M3,104.900,4.900,0.9496689717135515
M3,104.900,14.890,0.9496709482091328
M3,104.900,24.880,0.9496686938532297
M3,104.900,34.870,0.9496664178769428
M3,104.900,44.860,0.9496627085946089
M3,104.900,54.850,0.9496580992053806
M3,104.900,64.840,0.9496602072497389
M3,104.900,74.830,0.9496660428789789
M3,104.900,84.820,0.9496721876796534
M3,104.900,94.810,0.9496805967434385
M3,104.900,104.800,0.9496841425278977
M3,104.900,114.790,0.9496887932821991
M2,0.000,1.670,0.8485160304999284
M2,4.000,1.670,0.8486946638332618
M2,23.980,1.670,0.8477516585809854
M2,43.960,1.670,0.8464310212212037
M2,63.940,1.670,0.8447925016163119
M2,83.920,1.670,0.8438949509552272
M2,103.900,1.670,0.8437549598427108
M2,120.000,1.670,0.8424060898427121
M2,0.000,5.000,0.8500250306818032
M2,4.000,5.000,0.8500537673484698
M2,23.980,5.000,0.8489176308410641
M2,43.960,5.000,0.8474963120499347
M2,63.940,5.000,0.8460440206958709
M2,83.920,5.000,0.8451991700488226
M2,103.900,5.000,0.8451238057476945
M2,120.000,5.000,0.8450582139534363
M2,0.000,8.330,0.8485316705214127
M2,4.000,8.330,0.8486792371880794
M2,23.980,8.330,0.8474867346979971
M2,43.960,8.330,0.8463045884432624
M2,63.940,8.330,0.8445991052898587
M2,83.920,8.330,0.843778330662062
M2,103.900,8.330,0.8434758498814504
M2,120.000,8.330,0.8416063665481185
M2,0.000,11.660,0.8486961473313909
M2,4.000,11.660,0.848696147331391
M2,23.980,11.660,0.8472786069181303
M2,43.960,11.660,0.8459558643399687
M2,63.940,11.660,0.8444638753443334
M2,83.920,11.660,0.8438057806723881
M2,103.900,11.660,0.8434389266695085
M2,120.000,11.660,0.8420817266695096
M2,0.000,14.990,0.8494360781328438
M2,4.000,14.990,0.8495914114661772
M2,23.980,14.990,0.8484019998952369
M2,43.960,14.990,0.8472217732077918
M2,63.940,14.990,0.8459131575085388
M2,83.920,14.990,0.8451471325957843
M2,103.900,14.990,0.8448128030801003
M2,120.000,14.990,0.844660620337696
M2,0.000,18.320,0.8479442803571221
M2,4.000,18.320,0.8482549470237887
M2,23.980,18.320,0.8467193778780344
M2,43.960,18.320,0.8452491109850901
M2,63.940,18.320,0.8442286170657495
M2,83.920,18.320,0.8435956543345792
M2,103.900,18.320,0.8429630334394261
M2,120.000,18.320,0.8407849334394275
M2,0.000,21.650,0.8483979779030209
M2,4.000,21.650,0.8484243845696875
M2,23.980,21.650,0.8464618409887557
M2,43.960,21.650,0.8450339650197854
M2,63.940,21.650,0.8440218228465497
M2,83.920,21.650,0.8435394362048486
M2,103.900,21.650,0.8429604429349797
M2,120.000,21.650,0.8415699762683144
M2,0.000,24.980,0.8494502133861269
M2,4.000,24.980,0.8495045800527935
M2,23.980,24.980,0.8476629794263213
M2,43.960,24.980,0.8460542250987315
M2,63.940,24.980,0.8451207849295872
M2,83.920,24.980,0.8447147556343365
M2,103.900,24.980,0.8441414645373946
M2,120.000,24.980,0.8426326887081976
M2,0.000,28.310,0.8480076327369596
M2,4.000,28.310,0.8480930660702929
M2,23.980,28.310,0.8457604783615079
M2,43.960,28.310,0.8442289085741668
M2,63.940,28.310,0.8433289104842385
M2,83.920,28.310,0.8429809863349115
M2,103.900,28.310,0.842497569653611
M2,120.000,28.310,0.8412486196536122
M2,0.000,31.640,0.8480410079278417
M2,4.000,31.640,0.848184691261175
M2,23.980,31.640,0.8456116424162877
M2,43.960,31.640,0.8436402893314171
M2,63.940,31.640,0.8429430919488573
M2,83.920,31.640,0.8425930512543167
M2,103.900,31.640,0.8422046933428585
M2,120.000,31.640,0.8410273433428598
M2,0.000,34.970,0.849188004554747
M2,4.000,34.970,0.8494831378880804
M2,23.980,34.970,0.8472976505366067
M2,43.960,34.970,0.8449205960241968
M2,63.940,34.970,0.8440158839491858
M2,83.920,34.970,0.8436397961255951
M2,103.900,34.970,0.8433145212526129
M2,120.000,34.970,0.8431506332660451
M2,0.000,38.300,0.8485009773798451
M2,4.000,38.300,0.8485355390465117
M2,23.980,38.300,0.8462290024453375
M2,43.960,38.300,0.8435124824487995
M2,63.940,38.300,0.8424114411602961
M2,83.920,38.300,0.8418364048538286
M2,103.900,38.300,0.8412634220089168
M2,120.000,38.300,0.8395077220089183
M2,0.000,41.630,0.8486588781073033
M2,4.000,41.630,0.8486977114406365
M2,23.980,41.630,0.8463809917561698
M2,43.960,41.630,0.843632493983291
M2,63.940,41.630,0.8423480154839688
M2,83.920,41.630,0.8414428995300021
M2,103.900,41.630,0.840959342102215
M2,120.000,41.630,0.839260258768883
M2,0.000,44.960,0.8497832468206781
M2,4.000,44.960,0.8499579968206781
M2,23.980,44.960,0.8478075950658227
M2,43.960,44.960,0.8452933242529248
M2,63.940,44.960,0.8437190268381687
M2,83.920,44.960,0.8427762721842113
M2,103.900,44.960,0.8421240604264377
M2,120.000,44.960,0.8416369255276087
M2,0.000,48.290,0.8487736682981699
M2,4.000,48.290,0.8487837649648365
M2,23.980,48.290,0.8467468192271759
M2,43.960,48.290,0.8440168602382154
M2,63.940,48.290,0.8420676351456499
M2,83.920,48.290,0.8409062809341107
M2,103.900,48.290,0.8399983312516405
M2,120.000,48.290,0.8367090812516419
M2,0.000,51.620,0.8489735298404402
M2,4.000,51.620,0.8490589631737735
M2,23.980,51.620,0.8470248533352097
M2,43.960,51.620,0.8441105160166679
M2,63.940,51.620,0.8421293611921172
M2,83.920,51.620,0.8403273795030481
M2,103.900,51.620,0.8393858961735658
M2,120.000,51.620,0.8375301961735673
M2,0.000,54.950,0.8505588528803198
M2,4.000,54.950,0.8506714695469866
M2,23.980,54.950,0.8487357554307587
M2,43.960,54.950,0.8457142949822927
M2,63.940,54.950,0.8431029043768637
M2,83.920,54.950,0.8411792319872966
M2,103.900,54.950,0.8406511579627074
M2,120.000,54.950,0.8386132706502126
M2,0.000,58.280,0.849892337926
M2,4.000,58.280,0.8499971879260001
M2,23.980,58.280,0.8478908629560782
M2,43.960,58.280,0.8446856105455701
M2,63.940,58.280,0.8419488358369106
M2,83.920,58.280,0.8400375669136182
M2,103.900,58.280,0.8393217799261211
M2,120.000,58.280,0.8376015965927891
M2,0.000,61.610,0.8504089364774148
M2,4.000,61.610,0.8505875698107481
M2,23.980,61.610,0.8484990198144032
M2,43.960,61.610,0.8454260080882808
M2,63.940,61.610,0.8422581485803113
M2,83.920,61.610,0.8401206551760761
M2,103.900,61.610,0.8391593322116438
M2,120.000,61.610,0.8371520988783114
M2,0.000,64.940,0.8523504575522223
M2,4.000,64.940,0.852404824218889
M2,23.980,64.940,0.8503497253998376
M2,43.960,64.940,0.847277624533912
M2,63.940,64.940,0.8440468189703383
M2,83.920,64.940,0.8416108919994486
M2,103.900,64.940,0.84129672987948
M2,120.000,64.940,0.840027663831286
M2,0.000,68.270,0.8516321691149011
M2,4.000,68.270,0.8516981857815679
M2,23.980,68.270,0.8495505418714475
M2,43.960,68.270,0.8464827524352697
M2,63.940,68.270,0.8433794729988906
M2,83.920,68.270,0.8415361055651014
M2,103.900,68.270,0.8403255500834471
M2,120.000,68.270,0.8383417000834482
M2,0.000,71.600,0.8519438030865317
M2,4.000,71.600,0.8520564197531983
M2,23.980,71.600,0.8498934665079794
M2,43.960,71.600,0.8469203858925903
M2,63.940,71.600,0.8440742499692456
M2,83.920,71.600,0.8422038471781399
M2,103.900,71.600,0.840992789911665
M2,120.000,71.600,0.838879806578333
M2,0.000,74.930,0.8536956994885735
M2,4.000,74.930,0.8537539494885735
M2,23.980,74.930,0.8514970910927205
M2,43.960,74.930,0.8486556674572063
M2,63.940,74.930,0.8462569545035694
M2,83.920,74.930,0.844516988349782
M2,103.900,74.930,0.8432424526945497
M2,120.000,74.930,0.8427781021026973
M2,0.000,78.260,0.8527773157384505
M2,4.000,78.260,0.8528549824051173
M2,23.980,78.260,0.8501972453637568
M2,43.960,78.260,0.8472256126619143
M2,63.940,78.260,0.8451444737989366
M2,83.920,78.260,0.843655233929803
M2,103.900,78.260,0.8424414817989765
M2,120.000,78.260,0.8408495334656443
M2,0.000,81.590,0.8530665128197622
M2,4.000,81.590,0.8532373794864287
M2,23.980,81.590,0.8505012378805487
M2,43.960,81.590,0.8482400812864372
M2,63.940,81.590,0.846266205845318
M2,83.920,81.590,0.8446475950430412
M2,103.900,81.590,0.8432775731853204
M2,120.000,81.590,0.8419251031853217
M2,0.000,84.920,0.8546656257140217
M2,4.000,84.920,0.8547549423806885
M2,23.980,84.920,0.8520133484287092
M2,43.960,84.920,0.8500043936622366
M2,63.940,84.920,0.8481200188111694
M2,83.920,84.920,0.846748000074923
M2,103.900,84.920,0.8453853199699577
M2,120.000,84.920,0.843981656970717
M2,0.000,88.250,0.8544746480616454
M2,4.000,88.250,0.854540664728312
M2,23.980,88.250,0.8521780052667881
M2,43.960,88.250,0.8495872489214232
M2,63.940,88.250,0.8473605627956579
M2,83.920,88.250,0.8460584413773599
M2,103.900,88.250,0.8451927209355262
M2,120.000,88.250,0.8437317626021943
M2,0.000,91.580,0.8551787062053964
M2,4.000,91.580,0.8552105495387297
M2,23.980,91.580,0.8528727551297264
M2,43.960,91.580,0.8502087483676397
M2,63.940,91.580,0.848010113441248
M2,83.920,91.580,0.8469657888204718
M2,103.900,91.580,0.8460110122566339
M2,120.000,91.580,0.8447370122566352
M2,0.000,94.910,0.8568547034190127
M2,4.000,94.910,0.8569090700856794
M2,23.980,94.910,0.8547651579357057
M2,43.960,94.910,0.852130322868235
M2,63.940,94.910,0.8499893324263147
M2,83.920,94.910,0.8488502095397957
M2,103.900,94.910,0.8479356829896658
M2,120.000,94.910,0.8473749798486028
M2,0.000,98.240,0.8561353463580037
M2,4.000,98.240,0.8562091296913371
M2,23.980,98.240,0.8539583053045147
M2,43.960,98.240,0.8510303867898529
M2,63.940,98.240,0.8491498823815301
M2,83.920,98.240,0.8476795238987981
M2,103.900,98.240,0.8468600904882717
M2,120.000,98.240,0.8446931071549396
M2,0.000,101.570,0.8565116217703078
M2,4.000,101.570,0.8565621051036412
M2,23.980,101.570,0.854251890117379
M2,43.960,101.570,0.8512296560036671
M2,63.940,101.570,0.8493998577977397
M2,83.920,101.570,0.8480557684505265
M2,103.900,101.570,0.8472970485518256
M2,120.000,101.570,0.8461089652184934
M2,0.000,104.900,0.8579721715336264
M2,4.000,104.900,0.8580576048669598
M2,23.980,104.900,0.8559026786581144
M2,43.960,104.900,0.8532274655581
M2,63.940,104.900,0.8507105078855468
M2,83.920,104.900,0.8496263439514962
M2,103.900,104.900,0.8489762154368367
M2,120.000,104.900,0.848748142594428
M2,0.000,108.230,0.8571890395253117
M2,4.000,108.230,0.8572356395253116
M2,23.980,108.230,0.8551239354095643
M2,43.960,108.230,0.8523468026875008
M2,63.940,108.230,0.8495163631934158
M2,83.920,108.230,0.8485548597397733
M2,103.900,108.230,0.84796005486583
M2,120.000,108.230,0.8469006381991645
M2,0.000,111.560,0.8573537491810644
M2,4.000,111.560,0.857408115847731
M2,23.980,111.560,0.8554398661621769
M2,43.960,111.560,0.8525451614222266
M2,63.940,111.560,0.8496954373811695
M2,83.920,111.560,0.8487710870893116
M2,103.900,111.560,0.8479100494449213
M2,120.000,111.560,0.8459792077782562
M2,0.000,114.890,0.8586644991965564
M2,4.000,114.890,0.8587072158632231
M2,23.980,114.890,0.8568329312912534
M2,43.960,114.890,0.8537852952137268
M2,63.940,114.890,0.8512039120187888
M2,83.920,114.890,0.8501016626824209
M2,103.900,114.890,0.8496786814210945
M2,120.000,114.890,0.8493675741925273
M2,0.000,118.220,0.8575353831375179
M2,4.000,118.220,0.8576518831375178
M2,23.980,118.220,0.8557808279803009
M2,43.960,118.220,0.8525689170515899
M2,63.940,118.220,0.8497218352832413
M2,83.920,118.220,0.8486441709482915
M2,103.900,118.220,0.8483184648727397
M2,120.000,118.220,0.8470034482060745
M3,4.000,0.000,0.8489712789347155
M3,4.000,1.670,0.8489712789347155
M3,4.000,5.000,0.8494830168724049
M3,4.000,8.330,0.8489388664293742
M3,4.000,11.660,0.8488750300827389
M3,4.000,14.990,0.8491421268260976
M3,4.000,18.320,0.8485780469853089
M3,4.000,21.650,0.8486117020733329
M3,4.000,24.980,0.848991894543101
M3,4.000,28.310,0.8484236188199376
M3,4.000,31.640,0.8484668656836172
M3,4.000,34.970,0.8490321352288152
M3,4.000,38.300,0.8487630498543723
M3,4.000,41.630,0.8489148594744714
M3,4.000,44.960,0.8494683929571648
M3,4.000,48.290,0.8491161592923586
M3,4.000,51.620,0.8493788551334683
M3,4.000,54.950,0.850233351100014
M3,4.000,58.280,0.85027732793966
M3,4.000,61.610,0.8508395638045773
M3,4.000,64.940,0.8518679885580787
M3,4.000,68.270,0.8519032673390806
M3,4.000,71.600,0.8523179470014814
M3,4.000,74.930,0.8532164520732057
M3,4.000,78.260,0.8531205869264995
M3,4.000,81.590,0.853516090144351
M3,4.000,84.920,0.8544272080793595
M3,4.000,88.250,0.8547320175569091
M3,4.000,91.580,0.8553908297673631
M3,4.000,94.910,0.8563831604007897
M3,4.000,98.240,0.8564025581171697
M3,4.000,101.570,0.8567797984213406
M3,4.000,104.900,0.8575597713632556
M3,4.000,108.230,0.857418752323318
M3,4.000,111.560,0.8576164919596926
M3,4.000,114.890,0.8581997274031963
M3,4.000,118.220,0.8578441091956506
M3,4.000,120.000,0.8578441091956505
M3,23.980,0.000,0.8479654016188608
M3,23.980,1.670,0.8479654016188608
M3,23.980,5.000,0.8483608262389306
M3,23.980,8.330,0.8477261623450534
M3,23.980,11.660,0.8475344395982307
M3,23.980,14.990,0.8478160073095937
M3,23.980,18.320,0.8470134887375173
M3,23.980,21.650,0.8467550752554839
M3,23.980,24.980,0.847039145166898
M3,23.980,28.310,0.8461691216983797
M3,23.980,31.640,0.8460550884030736
M3,23.980,34.970,0.8467614301833218
M3,23.980,38.300,0.8464757643099934
M3,23.980,41.630,0.8466466078862783
M3,23.980,44.960,0.8473088413032643
M3,23.980,48.290,0.8470483802595167
M3,23.980,51.620,0.8473458071255989
M3,23.980,54.950,0.848236998503901
M3,23.980,58.280,0.8482054895675158
M3,23.980,61.610,0.8487560398622908
M3,23.980,64.940,0.8497820772456577
M3,23.980,68.270,0.8497579655437922
M3,23.980,71.600,0.8501175876357646
M3,23.980,74.930,0.8508918338141401
M3,23.980,78.260,0.8505463540271417
M3,23.980,81.590,0.8508467252674058
M3,23.980,84.920,0.8517862481733556
M3,23.980,88.250,0.8523056356069009
M3,23.980,91.580,0.853061139169655
M3,23.980,94.910,0.854165153206277
M3,23.980,98.240,0.8541591584934562
M3,23.980,101.570,0.8545247421801769
M3,23.980,104.900,0.8553951021830738
M3,23.980,108.230,0.8553264457071459
M3,23.980,111.560,0.8556324332817442
M3,23.980,114.890,0.8562946700275418
M3,23.980,118.220,0.8559611234354731
M3,23.980,120.000,0.855961123435473
M3,43.960,0.000,0.8466326082592717
M3,43.960,1.670,0.8466326082592717
M3,43.960,5.000,0.8470055442796973
M3,43.960,8.330,0.8464705599251842
M3,43.960,11.660,0.8462426228122268
M3,43.960,14.990,0.8465451888729477
M3,43.960,18.320,0.8455960739142069
M3,43.960,21.650,0.8452888403743317
M3,43.960,24.980,0.8454531262403668
M3,43.960,28.310,0.8445053792184272
M3,43.960,31.640,0.8440691028883697
M3,43.960,34.970,0.844426131638675
M3,43.960,38.300,0.8438684012757648
M3,43.960,41.630,0.8439691207427401
M3,43.960,44.960,0.8446925997146963
M3,43.960,48.290,0.8443047382909302
M3,43.960,51.620,0.8444494512646862
M3,43.960,54.950,0.8452211944472752
M3,43.960,58.280,0.8450807016400812
M3,43.960,61.610,0.845671127357733
M3,43.960,64.940,0.8467150237238714
M3,43.960,68.270,0.8467181085914347
M3,43.960,71.600,0.8471566023479034
M3,43.960,74.930,0.8480320965467012
M3,43.960,78.260,0.8477539845610644
M3,43.960,81.590,0.8484533605888549
M3,43.960,84.920,0.8495473033261177
M3,43.960,88.250,0.8497956289415612
M3,43.960,91.580,0.8504294575942598
M3,43.960,94.910,0.851471598316205
M3,43.960,98.240,0.8512950986168945
M3,43.960,101.570,0.8516083157976105
M3,43.960,104.900,0.8526220535971217
M3,43.960,108.230,0.8525157792688229
M3,43.960,111.560,0.85272211161597
M3,43.960,114.890,0.8532558018215423
M3,43.960,118.220,0.8528099292515732
M3,43.960,120.000,0.8528099292515733
M3,63.940,0.000,0.8450327237359603
M3,63.940,1.670,0.8450327237359603
M3,63.940,5.000,0.8454771346573102
M3,63.940,8.330,0.8448728064073237
M3,63.940,11.660,0.8447748252246475
M3,63.940,14.990,0.845252101320553
M3,63.940,18.320,0.8445064234686845
M3,63.940,21.650,0.8442746874622461
M3,63.940,24.980,0.8445107509948462
M3,63.940,28.310,0.8436182517481752
M3,63.940,31.640,0.8432610338397871
M3,63.940,34.970,0.8434920084296191
M3,63.940,38.300,0.8427538133082524
M3,63.940,41.630,0.8426490066606043
M3,63.940,44.960,0.843101033689732
M3,63.940,48.290,0.842409773394252
M3,63.940,51.620,0.8423514688586868
M3,63.940,54.950,0.8427040635062754
M3,63.940,58.280,0.8423188025432754
M3,63.940,61.610,0.8426179799870501
M3,63.940,64.940,0.8435828455332913
M3,63.940,68.270,0.8436893602209959
M3,63.940,71.600,0.844369166269595
M3,63.940,74.930,0.8455945674738405
M3,63.940,78.260,0.8455945526730878
M3,63.940,81.590,0.8464271837895142
M3,63.940,84.920,0.8475576241027036
M3,63.940,88.250,0.8476476342052313
M3,63.940,91.580,0.8482687264154694
M3,63.940,94.910,0.8493682526280162
M3,63.940,98.240,0.8493187812137106
M3,63.940,101.570,0.8495817726389385
M3,63.940,104.900,0.8501813065203842
M3,63.940,108.230,0.8498018178762788
M3,63.940,111.560,0.8499504203954696
M3,63.940,114.890,0.8505707414911154
M3,63.940,118.220,0.8500196971105656
M3,63.940,120.000,0.8500196971105657
M3,83.920,0.000,0.844155050374961
M3,83.920,1.670,0.8441550503749611
M3,83.920,5.000,0.8446362343014688
M3,83.920,8.330,0.844075987095372
M3,83.920,11.660,0.8440664042908983
M3,83.920,14.990,0.8445389751806689
M3,83.920,18.320,0.843886454852476
M3,83.920,21.650,0.8437719154823935
M3,83.920,24.980,0.8440874627757694
M3,83.920,28.310,0.8432425182807959
M3,83.920,31.640,0.8428814078857094
M3,83.920,34.970,0.8430537572586995
M3,83.920,38.300,0.8421419347279325
M3,83.920,41.630,0.8417953424642581
M3,83.920,44.960,0.8421007696289569
M3,83.920,48.290,0.8411565170664349
M3,83.920,51.620,0.8406752013487124
M3,83.920,54.950,0.8408373560454687
M3,83.920,58.280,0.8403670402498432
M3,83.920,61.610,0.840506250126235
M3,83.920,64.940,0.8413588106604214
M3,83.920,68.270,0.8417450207174073
M3,83.920,71.600,0.8425177238061593
M3,83.920,74.930,0.8438710986567483
M3,83.920,78.260,0.8440295775752246
M3,83.920,81.590,0.8448805922377308
M3,83.920,84.920,0.8461626517104128
M3,83.920,88.250,0.8463618167087501
M3,83.920,91.580,0.8471222260701593
M3,83.920,94.910,0.8481720443434896
M3,83.920,98.240,0.8479672570036535
M3,83.920,101.570,0.8482947759078007
M3,83.920,104.900,0.8490644586079059
M3,83.920,108.230,0.8487946534223693
M3,83.920,111.560,0.8489684665496356
M3,83.920,114.890,0.8495074316785023
M3,83.920,118.220,0.8489470694501201
M3,83.920,120.000,0.84894706945012
M3,103.900,0.000,0.8440136431259305
M3,103.900,1.670,0.8440136431259306
M3,103.900,5.000,0.8444922071998876
M3,103.900,8.330,0.8438023139604017
M3,103.900,11.660,0.8437163792669761
M3,103.900,14.990,0.8441437318788662
M3,103.900,18.320,0.8433333027684732
M3,103.900,21.650,0.8432078719168173
M3,103.900,24.980,0.8435401846815607
M3,103.900,28.310,0.8427601297130117
M3,103.900,31.640,0.8424658108543542
M3,103.900,34.970,0.8426545593919641
M3,103.900,38.300,0.8416223784873743
M3,103.900,41.630,0.8412542670679303
M3,103.900,44.960,0.8414317668350585
M3,103.900,48.290,0.8403285234581359
M3,103.900,51.620,0.8398361356632287
M3,103.900,54.950,0.8401766909241973
M3,103.900,58.280,0.8396394821639215
M3,103.900,61.610,0.839690022543576
M3,103.900,64.940,0.8407223400373056
M3,103.900,68.270,0.8406920363230118
M3,103.900,71.600,0.8413397321519139
M3,103.900,74.930,0.8426292711252769
M3,103.900,78.260,0.8427844241954856
M3,103.900,81.590,0.8435740206992367
M3,103.900,84.920,0.8449120451037331
M3,103.900,88.250,0.8453745110057138
M3,103.900,91.580,0.8461732885375418
M3,103.900,94.910,0.8472722771890501
M3,103.900,98.240,0.847143965109419
M3,103.900,101.570,0.8475408210789109
M3,103.900,104.900,0.8483886562235113
M3,103.900,108.230,0.8481495068234599
M3,103.900,111.560,0.848260843545024
M3,103.900,114.890,0.849021149351778
M3,103.900,118.220,0.8485650208302975
M3,103.900,120.000,0.8485650208302975
M3,5.000,0.000,0.9496841941307501
M3,5.000,5.000,0.9497289326284918
M3,5.000,14.990,0.9497300213112473
M3,5.000,24.980,0.9497299427241879
M3,5.000,34.970,0.9497300477109281
M3,5.000,44.960,0.9497312822032996
M3,5.000,54.950,0.9497331467211003
M3,5.000,64.940,0.9497378183735136
M3,5.000,74.930,0.9497414476187679
M3,5.000,84.920,0.9497438851578357
M3,5.000,94.910,0.9497498552876925
M3,5.000,104.900,0.9497531006245913
M3,5.000,114.890,0.9497569948760523
M3,5.000,120.000,0.9497569948760526
M3,14.990,0.000,0.9499999999999997
M3,14.990,5.000,0.9499999999999997
M3,14.990,14.990,0.9500000000000001
M3,14.990,24.980,0.9499999999999996
M3,14.990,34.970,0.9500000000000005
M3,14.990,44.960,0.9500000000000004
M3,14.990,54.950,0.9500000000000004
M3,14.990,64.940,0.9499999999999997
M3,14.990,74.930,0.9499999999999998
M3,14.990,84.920,0.9500000000000002
M3,14.990,94.910,0.9500000000000004
M3,14.990,104.900,0.9499999999999998
M3,14.990,114.890,0.9499999999999998
M3,14.990,120.000,0.95
M3,24.980,0.000,0.9496807463310624
M3,24.980,5.000,0.9497259731693908
M3,24.980,14.990,0.9497270457042514
M3,24.980,24.980,0.9497250677207938
M3,24.980,34.970,0.9497241413002957
M3,24.980,44.960,0.9497253200490986
M3,24.980,54.950,0.9497278538069066
M3,24.980,64.940,0.9497321080867653
M3,24.980,74.930,0.9497351831426296
M3,24.980,84.920,0.9497369965618961
M3,24.980,94.910,0.9497439432825324
M3,24.980,104.900,0.9497471280849075
M3,24.980,114.890,0.9497518505203775
M3,24.980,120.000,0.9497518505203775
M3,34.970,0.000,0.9500000000000001
M3,34.970,5.000,0.9500000000000001
M3,34.970,14.990,0.9500000000000002
M3,34.970,24.980,0.9499999999999998
M3,34.970,34.970,0.9500000000000003
M3,34.970,44.960,0.9500000000000002
M3,34.970,54.950,0.9500000000000003
M3,34.970,64.940,0.9500000000000001
M3,34.970,74.930,0.95
M3,34.970,84.920,0.9500000000000003
M3,34.970,94.910,0.9500000000000001
M3,34.970,104.900,0.9500000000000002
M3,34.970,114.890,0.9500000000000001
M3,34.970,120.000,0.9500000000000001
M3,44.960,0.000,0.9496758462742515
M3,44.960,5.000,0.9497217773647739
M3,44.960,14.990,0.9497238533631159
M3,44.960,24.980,0.9497207514796783
M3,44.960,34.970,0.9497175088935563
M3,44.960,44.960,0.9497185442761651
M3,44.960,54.950,0.9497197946386232
M3,44.960,64.940,0.9497238535752136
M3,44.960,74.930,0.9497277803408501
M3,44.960,84.920,0.9497312357028429
M3,44.960,94.910,0.9497369888602955
M3,44.960,104.900,0.9497401364789616
M3,44.960,114.890,0.9497435559280125
M3,44.960,120.000,0.9497435559280124
M3,54.950,0.000,0.9499999999999998
M3,54.950,5.000,0.9499999999999998
M3,54.950,14.990,0.9499999999999998
M3,54.950,24.980,0.9499999999999997
M3,54.950,34.970,0.9500000000000002
M3,54.950,44.960,0.9499999999999997
M3,54.950,54.950,0.9500000000000002
M3,54.950,64.940,0.9499999999999998
M3,54.950,74.930,0.9499999999999997
M3,54.950,84.920,0.9499999999999997
M3,54.950,94.910,0.9499999999999998
M3,54.950,104.900,0.9499999999999998
M3,54.950,114.890,0.9499999999999998
M3,54.950,120.000,0.9500000000000001
M3,64.940,0.000,0.949671552095418
M3,64.940,5.000,0.94971809195985
M3,64.940,14.990,0.9497202391526898
M3,64.940,24.980,0.9497184026063432
M3,64.940,34.970,0.949715404842193
M3,64.940,44.960,0.9497147212703625
M3,64.940,54.950,0.949712472907613
M3,64.940,64.940,0.9497150214658889
M3,64.940,74.930,0.9497212914564586
M3,64.940,84.920,0.949726341605428
M3,64.940,94.910,0.9497312453230075
M3,64.940,104.900,0.9497330796121294
M3,64.940,114.890,0.9497371955105396
M3,64.940,120.000,0.9497371955105395
M3,74.930,0.000,0.95
M3,74.930,5.000,0.95
M3,74.930,14.990,0.9499999999999997
M3,74.930,24.980,0.95
M3,74.930,34.970,0.95
M3,74.930,44.960,0.95
M3,74.930,54.950,0.9499999999999997
M3,74.930,64.940,0.9500000000000001
M3,74.930,74.930,0.95
M3,74.930,84.920,0.9499999999999997
M3,74.930,94.910,0.95
M3,74.930,104.900,0.9499999999999997
M3,74.930,114.890,0.9499999999999997
M3,74.930,120.000,0.9499999999999998
M3,84.920,0.000,0.9496689610865828
M3,84.920,5.000,0.9497158712287236
M3,84.920,14.990,0.9497183547874192
M3,84.920,24.980,0.949717372296019
M3,84.920,34.970,0.9497145711609097
M3,84.920,44.960,0.9497120317788984
M3,84.920,54.950,0.9497075727841374
M3,84.920,64.940,0.9497087156858798
M3,84.920,74.930,0.9497166804330581
M3,84.920,84.920,0.9497228189186225
M3,84.920,94.910,0.9497283881112483
M3,84.920,104.900,0.9497307436239248
M3,84.920,114.890,0.949734394384507
M3,84.920,120.000,0.9497343943845071
M3,94.910,0.000,0.9499999999999998
M3,94.910,5.000,0.9499999999999998
M3,94.910,14.990,0.95
M3,94.910,24.980,0.9499999999999998
M3,94.910,34.970,0.95
M3,94.910,44.960,0.9500000000000002
M3,94.910,54.950,0.95
M3,94.910,64.940,0.95
M3,94.910,74.930,0.9500000000000002
M3,94.910,84.920,0.95
M3,94.910,94.910,0.95
M3,94.910,104.900,0.95
M3,94.910,114.890,0.9500000000000002
M3,94.910,120.000,0.9500000000000001
M3,104.900,0.000,0.9496689717135517
M3,104.900,5.000,0.9497158721238383
M3,104.900,14.990,0.9497175323362723
M3,104.900,24.980,0.9497155970782877
M3,104.900,34.970,0.9497136311323866
M3,104.900,44.960,0.9497104394605087
M3,104.900,54.950,0.9497065406157401
M3,104.900,64.940,0.9497083821269785
M3,104.900,74.930,0.9497133939144553
M3,104.900,84.920,0.9497186878842433
M3,104.900,94.910,0.9497258641883488
M3,104.900,104.900,0.9497289172787452
M3,104.900,114.890,0.9497332513847422
M3,104.900,120.000,0.9497332513847424
M3,114.890,0.000,0.95
M3,114.890,5.000,0.95
M3,114.890,14.990,0.9499999999999998
M3,114.890,24.980,0.9499999999999997
M3,114.890,34.970,0.9500000000000001
M3,114.890,44.960,0.9500000000000001
M3,114.890,54.950,0.9499999999999998
M3,114.890,64.940,0.9499999999999995
M3,114.890,74.930,0.95
M3,114.890,84.920,0.95
M3,114.890,94.910,0.9500000000000002
M3,114.890,104.900,0.9499999999999998
M3,114.890,114.890,0.9500000000000001
M3,114.890,120.000,0.949999999999999
M4,0.000,5.000,0.9500000000000004
M4,120.000,5.000,0.9499999999999998
M4,0.000,14.990,0.9499999999999994
M4,120.000,14.990,0.9499999999999998
M4,0.000,24.980,0.9500000000000003
M4,120.000,24.980,0.9500000000000001
M4,0.000,34.970,0.9500000000000005
M4,120.000,34.970,0.9500000000000004
M4,0.000,44.960,0.95
M4,120.000,44.960,0.9500000000000003
M4,0.000,54.950,0.9499999999999998
M4,120.000,54.950,0.9500000000000002
M4,0.000,64.940,0.9499999999999996
M4,120.000,64.940,0.9499999999999997
M4,0.000,74.930,0.95
M4,120.000,74.930,0.9500000000000004
M4,0.000,84.920,0.9500000000000002
M4,120.000,84.920,0.9500000000000004
M4,0.000,94.910,0.9499999999999998
M4,120.000,94.910,0.9500000000000004
M4,0.000,104.900,0.9500000000000007
M4,120.000,104.900,0.9500000000000002
M4,0.000,114.890,0.9499999999999998
M4,120.000,114.890,0.9500000000000003
